,0
0,secondwordcontamination
1,contemporary
2,content
3,contents
4,contest
5,contests
6,context
7,continent
8,continental
9,continually
10,continue
11,continued
12,continues
13,continuing
14,continuity
15,continuous
16,continuously
17,contract
18,contracting
19,contractor
20,contractors
21,contracts
22,contrary
23,contrast
24,contribute
25,contributed
26,contributing
27,contribution
28,contributions
29,contributor
30,contributors
31,control
32,controlled
33,controller
34,controllers
35,controlling
36,controls
37,controversial
38,controversy
39,convenience
40,convenient
41,convention
42,conventional
43,conventions
44,convergence
45,conversation
46,conversations
47,conversion
48,convert
49,converted
50,converter
51,convertible
52,convicted
53,conviction
54,convinced
55,cook
56,cookbook
57,cooked
58,cookie
59,cookies
60,cooking
61,cool
62,cooler
63,cooling
64,cooper
65,cooperation
66,cooperative
67,coordinate
68,coordinated
69,coordinates
70,coordination
71,coordinator
72,cope
73,copied
74,copies
75,copper
76,copy
77,copying
78,copyright
79,copyrighted
80,copyrights
81,coral
82,cord
83,cordless
84,core
85,cork
86,corn
87,cornell
88,corner
89,corners
90,cornwall
91,corp
92,corporate
93,corporation
94,corporations
95,corps
96,corpus
97,correct
98,corrected
99,correction
100,corrections
101,correctly
102,correlation
103,correspondence
104,corresponding
105,corruption
106,cosmetic
107,cosmetics
108,cost
109,costa
110,costs
111,costume
112,costumes
113,cottage
114,cottages
115,cotton
116,could
117,council
118,councils
119,counsel
120,counseling
121,count
122,counted
123,counter
124,counters
125,counties
126,counting
127,countries
128,country
129,counts
130,county
131,couple
132,coupled
133,couples
134,coupon
135,coupons
136,courage
137,courier
138,course
139,courses
140,court
141,courtesy
142,courts
143,cove
144,cover
145,coverage
146,covered
147,covering
148,covers
149,cowboy
150,crack
151,cradle
152,craft
153,crafts
154,craig
155,crap
156,craps
157,crash
158,crawford
159,crazy
160,cream
161,create
162,created
163,creates
164,creating
165,creation
166,creations
167,creative
168,creativity
169,creator
170,creature
171,creatures
172,credit
173,credits
174,creek
175,crest
176,crew
177,cricket
178,crime
179,crimes
180,criminal
181,crisis
182,criteria
183,criterion
184,critical
185,criticism
186,critics
187,croatia
188,crop
189,crops
190,cross
191,crossing
192,crossword
193,crowd
194,crown
195,crucial
196,crude
197,cruise
198,cruises
199,cruz
200,crystal
201,ctrl
202,cuba
203,cube
204,cubic
205,cuisine
206,cult
207,cultural
208,culture
209,cultures
210,cumshot
211,cumshots
212,cumulative
213,cunt
214,cups
215,cure
216,curious
217,currencies
218,currency
219,current
220,currently
221,curriculum
222,cursor
223,curtis
224,curve
225,curves
226,custody
227,custom
228,customer
229,customers
230,customise
231,customize
232,customized
233,customs
234,cute
235,cuts
236,cutting
237,cyber
238,cycle
239,cycles
240,cycling
241,cylinder
242,cyprus
243,czech
244,daddy
245,daily
246,dairy
247,daisy
248,dakota
249,dale
250,dallas
251,damage
252,damaged
253,damages
254,dame
255,damn
256,dana
257,dance
258,dancing
259,danger
260,dangerous
261,daniel
262,danish
263,danny
264,dans
265,dare
266,dark
267,darkness
268,darwin
269,dash
270,data
271,database
272,databases
273,date
274,dated
275,dates
276,dating
277,daughter
278,daughters
279,dave
280,david
281,davidson
282,davis
283,dawn
284,days
285,dayton
286,dead
287,deadline
288,deadly
289,deaf
290,deal
291,dealer
292,dealers
293,dealing
294,deals
295,dealt
296,dealtime
297,dean
298,dear
299,death
300,deaths
301,debate
302,debian
303,deborah
304,debt
305,debug
306,debut
307,decade
308,decades
309,december
310,decent
311,decide
312,decided
313,decimal
314,decision
315,decisions
316,deck
317,declaration
318,declare
319,declared
320,decline
321,declined
322,decor
323,decorating
324,decorative
325,decrease
326,decreased
327,dedicated
328,deemed
329,deep
330,deeper
331,deeply
332,deer
333,default
334,defeat
335,defects
336,defence
337,defend
338,defendant
339,defense
340,defensive
341,deferred
342,deficit
343,define
344,defined
345,defines
346,defining
347,definitely
348,definition
349,definitions
350,degree
351,degrees
352,delaware
353,delay
354,delayed
355,delays
356,delegation
357,delete
358,deleted
359,delhi
360,delicious
361,delight
362,deliver
363,delivered
364,delivering
365,delivers
366,delivery
367,dell
368,delta
369,deluxe
370,demand
371,demanding
372,demands
373,demo
374,democracy
375,democrat
376,democratic
377,democrats
378,demographic
379,demonstrate
380,demonstrated
381,demonstrates
382,demonstration
383,denial
384,denied
385,denmark
386,dennis
387,dense
388,density
389,dental
390,dentists
391,denver
392,deny
393,department
394,departmental
395,departments
396,departure
397,depend
398,dependence
399,dependent
400,depending
401,depends
402,deployment
403,deposit
404,deposits
405,depot
406,depression
407,dept
408,depth
409,deputy
410,derby
411,derek
412,derived
413,descending
414,describe
415,described
416,describes
417,describing
418,description
419,descriptions
420,desert
421,deserve
422,design
423,designated
424,designation
425,designed
426,designer
427,designers
428,designing
429,designs
430,desirable
431,desire
432,desired
433,desk
434,desktop
435,desktops
436,desperate
437,despite
438,destination
439,destinations
440,destiny
441,destroy
442,destroyed
443,destruction
444,detail
445,detailed
446,details
447,detect
448,detected
449,detection
450,detective
451,detector
452,determination
453,determine
454,determined
455,determines
456,determining
457,detroit
458,deutsch
459,deutsche
460,deutschland
461,devel
462,develop
463,developed
464,developer
465,developers
466,developing
467,development
468,developmental
469,developments
470,develops
471,deviant
472,deviation
473,device
474,devices
475,devil
476,devon
477,devoted
478,diabetes
479,diagnosis
480,diagnostic
481,diagram
482,dial
483,dialog
484,dialogue
485,diameter
486,diamond
487,diamonds
488,diana
489,diane
490,diary
491,dice
492,dick
493,dicke
494,dicks
495,dictionaries
496,dictionary
497,died
498,diego
499,dies
500,diesel
501,diet
502,dietary
503,diff
504,differ
505,difference
506,differences
507,different
508,differential
509,differently
510,difficult
511,difficulties
512,difficulty
513,diffs
514,digest
515,digit
516,digital
517,dildo
518,dildos
519,dimension
520,dimensional
521,dimensions
522,dining
523,dinner
524,diploma
525,direct
526,directed
527,direction
528,directions
529,directive
530,directly
531,director
532,directories
533,directors
534,directory
535,dirt
536,dirty
537,disabilities
538,disability
539,disable
540,disabled
541,disagree
542,disappointed
543,disaster
544,disc
545,discharge
546,disciplinary
547,discipline
548,disciplines
549,disclaimer
550,disclaimers
551,disclose
552,disclosure
553,disco
554,discount
555,discounted
556,discounts
557,discover
558,discovered
559,discovery
560,discrete
561,discretion
562,discrimination
563,discs
564,discuss
565,discussed
566,discusses
567,discussing
568,discussion
569,discussions
570,disease
571,diseases
572,dish
573,dishes
574,disk
575,disks
576,disney
577,disorder
578,disorders
579,dispatch
580,dispatched
581,display
582,displayed
583,displaying
584,displays
585,disposal
586,disposition
587,dispute
588,disputes
589,dist
590,distance
591,distances
592,distant
593,distinct
594,distinction
595,distinguished
596,distribute
597,distributed
598,distribution
599,distributions
600,distributor
601,distributors
602,district
603,districts
604,disturbed
605,dive
606,diverse
607,diversity
608,divide
609,divided
610,dividend
611,divine
612,diving
613,division
614,divisions
615,divorce
616,divx
617,dock
618,docs
619,doctor
620,doctors
621,doctrine
622,document
623,documentary
624,documentation
625,documented
626,documents
627,dodge
628,does
629,dogs
630,doing
631,doll
632,dollar
633,dollars
634,dolls
635,domain
636,domains
637,dome
638,domestic
639,dominant
640,dominican
641,donald
642,donate
643,donated
644,donation
645,donations
646,done
647,donna
648,donor
649,donors
650,dont
651,doom
652,door
653,doors
654,dosage
655,dose
656,double
657,doubt
658,doug
659,douglas
660,dover
661,down
662,download
663,downloadable
664,downloaded
665,downloading
666,downloads
667,downtown
668,dozen
669,dozens
670,draft
671,drag
672,dragon
673,drain
674,drainage
675,drama
676,dramatic
677,dramatically
678,draw
679,drawing
680,drawings
681,drawn
682,draws
683,dream
684,dreams
685,dress
686,dressed
687,dresses
688,dressing
689,drew
690,dried
691,drill
692,drilling
693,drink
694,drinking
695,drinks
696,drive
697,driven
698,driver
699,drivers
700,drives
701,driving
702,drop
703,dropped
704,drops
705,drove
706,drug
707,drugs
708,drum
709,drums
710,drunk
711,dryer
712,dual
713,dubai
714,dublin
715,duck
716,dude
717,duke
718,dumb
719,dump
720,duncan
721,duplicate
722,durable
723,duration
724,durham
725,during
726,dust
727,dutch
728,duties
729,duty
730,dvds
731,dying
732,dylan
733,dynamic
734,dynamics
735,each
736,eagle
737,eagles
738,earl
739,earlier
740,earliest
741,early
742,earn
743,earned
744,earning
745,earnings
746,earrings
747,ears
748,earth
749,earthquake
750,ease
751,easier
752,easily
753,east
754,easter
755,eastern
756,easy
757,eating
758,ebay
759,ebony
760,ebook
761,ebooks
762,echo
763,eclipse
764,ecological
765,ecology
766,ecommerce
767,economic
768,economics
769,economies
770,economy
771,ecuador
772,eddie
773,eden
774,edgar
775,edge
776,edges
777,edinburgh
778,edit
779,edited
780,editing
781,edition
782,editions
783,editor
784,editorial
785,editorials
786,editors
787,edmonton
788,educated
789,education
790,educational
791,educators
792,edward
793,edwards
794,effect
795,effective
796,effectively
797,effectiveness
798,effects
799,efficiency
800,efficient
801,efficiently
802,effort
803,efforts
804,eggs
805,egypt
806,egyptian
807,eight
808,either
809,ejaculation
810,elder
811,elderly
812,elect
813,elected
814,election
815,elections
816,electoral
817,electric
818,electrical
819,electricity
820,electro
821,electron
822,electronic
823,electronics
824,elegant
825,element
826,elementary
827,elements
828,elephant
829,elevation
830,eleven
831,eligibility
832,eligible
833,eliminate
834,elimination
835,elite
836,elizabeth
837,ellen
838,elliott
839,ellis
840,else
841,elsewhere
842,elvis
843,emacs
844,email
845,emails
846,embassy
847,embedded
848,emerald
849,emergency
850,emerging
851,emily
852,eminem
853,emirates
854,emission
855,emissions
856,emma
857,emotional
858,emotions
859,emperor
860,emphasis
861,empire
862,empirical
863,employ
864,employed
865,employee
866,employees
867,employer
868,employers
869,employment
870,empty
871,enable
872,enabled
873,enables
874,enabling
875,enclosed
876,enclosure
877,encoding
878,encounter
879,encountered
880,encourage
881,encouraged
882,encourages
883,encouraging
884,encryption
885,encyclopedia
886,endangered
887,ended
888,endif
889,ending
890,endless
891,endorsed
892,endorsement
893,ends
894,enemies
895,enemy
896,energy
897,enforcement
898,engage
899,engaged
900,engagement
901,engaging
902,engine
903,engineer
904,engineering
905,engineers
906,engines
907,england
908,english
909,enhance
910,enhanced
911,enhancement
912,enhancements
913,enhancing
914,enjoy
915,enjoyed
916,enjoying
917,enlarge
918,enlargement
919,enormous
920,enough
921,enquiries
922,enquiry
923,enrolled
924,enrollment
925,ensemble
926,ensure
927,ensures
928,ensuring
929,enter
930,entered
931,entering
932,enterprise
933,enterprises
934,enters
935,entertaining
936,entertainment
937,entire
938,entirely
939,entities
940,entitled
941,entity
942,entrance
943,entrepreneur
944,entrepreneurs
945,entries
946,entry
947,envelope
948,environment
949,environmental
950,environments
951,enzyme
952,epic
953,epinions
954,episode
955,episodes
956,epson
957,equal
958,equality
959,equally
960,equation
961,equations
962,equilibrium
963,equipment
964,equipped
965,equity
966,equivalent
967,eric
968,ericsson
969,erik
970,erotic
971,erotica
972,error
973,errors
974,escape
975,escort
976,escorts
977,especially
978,espn
979,essay
980,essays
981,essence
982,essential
983,essentially
984,essentials
985,essex
986,establish
987,established
988,establishing
989,establishment
990,estate
991,estates
992,estimate
993,estimated
994,estimates
995,estimation
996,estonia
997,eternal
998,ethernet
999,ethical
1000,ethics
1001,ethiopia
1002,ethnic
1003,eugene
1004,euro
1005,europe
1006,european
1007,euros
1008,eval
1009,evaluate
1010,evaluated
1011,evaluating
1012,evaluation
1013,evaluations
1014,evanescence
1015,evans
1016,even
1017,evening
1018,event
1019,events
1020,eventually
1021,ever
1022,every
1023,everybody
1024,everyday
1025,everyone
1026,everything
1027,everywhere
1028,evidence
1029,evident
1030,evil
1031,evolution
1032,exact
1033,exactly
1034,exam
1035,examination
1036,examinations
1037,examine
1038,examined
1039,examines
1040,examining
1041,example
1042,examples
1043,exams
1044,exceed
1045,excel
1046,excellence
1047,excellent
1048,except
1049,exception
1050,exceptional
1051,exceptions
1052,excerpt
1053,excess
1054,excessive
1055,exchange
1056,exchanges
1057,excited
1058,excitement
1059,exciting
1060,exclude
1061,excluded
1062,excluding
1063,exclusion
1064,exclusive
1065,exclusively
1066,excuse
1067,exec
1068,execute
1069,executed
1070,execution
1071,executive
1072,executives
1073,exempt
1074,exemption
1075,exercise
1076,exercises
1077,exhaust
1078,exhibit
1079,exhibition
1080,exhibitions
1081,exhibits
1082,exist
1083,existed
1084,existence
1085,existing
1086,exists
1087,exit
1088,exotic
1089,expand
1090,expanded
1091,expanding
1092,expansion
1093,expansys
1094,expect
1095,expectations
1096,expected
1097,expects
1098,expedia
1099,expenditure
1100,expenditures
1101,expense
1102,expenses
1103,expensive
1104,experience
1105,experienced
1106,experiences
1107,experiencing
1108,experiment
1109,experimental
1110,experiments
1111,expert
1112,expertise
1113,experts
1114,expiration
1115,expired
1116,expires
1117,explain
1118,explained
1119,explaining
1120,explains
1121,explanation
1122,explicit
1123,explicitly
1124,exploration
1125,explore
1126,explorer
1127,exploring
1128,explosion
1129,expo
1130,export
1131,exports
1132,exposed
1133,exposure
1134,express
1135,expressed
1136,expression
1137,expressions
1138,extend
1139,extended
1140,extending
1141,extends
1142,extension
1143,extensions
1144,extensive
1145,extent
1146,exterior
1147,external
1148,extra
1149,extract
1150,extraction
1151,extraordinary
1152,extras
1153,extreme
1154,extremely
1155,eyed
1156,eyes
1157,fabric
1158,fabrics
1159,fabulous
1160,face
1161,faced
1162,faces
1163,facial
1164,facilitate
1165,facilities
1166,facility
1167,facing
1168,fact
1169,factor
1170,factors
1171,factory
1172,facts
1173,faculty
1174,fail
1175,failed
1176,failing
1177,fails
1178,failure
1179,failures
1180,fair
1181,fairfield
1182,fairly
1183,fairy
1184,faith
1185,fake
1186,fall
1187,fallen
1188,falling
1189,falls
1190,false
1191,fame
1192,familiar
1193,families
1194,family
1195,famous
1196,fancy
1197,fans
1198,fantastic
1199,fantasy
1200,faqs
1201,fare
1202,fares
1203,farm
1204,farmer
1205,farmers
1206,farming
1207,farms
1208,fascinating
1209,fashion
1210,fast
1211,faster
1212,fastest
1213,fatal
1214,fate
1215,father
1216,fathers
1217,fatty
1218,fault
1219,favor
1220,favorite
1221,favorites
1222,favors
1223,favour
1224,favourite
1225,favourites
1226,fear
1227,fears
1228,feat
1229,feature
1230,featured
1231,features
1232,featuring
1233,february
1234,federal
1235,federation
1236,feed
1237,feedback
1238,feeding
1239,feeds
1240,feel
1241,feeling
1242,feelings
1243,feels
1244,fees
1245,feet
1246,fell
1247,fellow
1248,fellowship
1249,felt
1250,female
1251,females
1252,fence
1253,feof
1254,ferrari
1255,ferry
1256,festival
1257,festivals
1258,fetish
1259,fever
1260,fewer
1261,fiber
1262,fibre
1263,fiction
1264,field
1265,fields
1266,fifteen
1267,fifth
1268,fifty
1269,fight
1270,fighter
1271,fighters
1272,fighting
1273,figure
1274,figured
1275,figures
1276,fiji
1277,file
1278,filed
1279,filename
1280,files
1281,filing
1282,fill
1283,filled
1284,filling
1285,film
1286,filme
1287,films
1288,filter
1289,filtering
1290,filters
1291,final
1292,finally
1293,finals
1294,finance
1295,finances
1296,financial
1297,financing
1298,find
1299,findarticles
1300,finder
1301,finding
1302,findings
1303,findlaw
1304,finds
1305,fine
1306,finest
1307,finger
1308,fingering
1309,fingers
1310,finish
1311,finished
1312,finishing
1313,finite
1314,finland
1315,finnish
1316,fioricet
1317,fire
1318,fired
1319,firefox
1320,fireplace
1321,fires
1322,firewall
1323,firewire
1324,firm
1325,firms
1326,firmware
1327,first
1328,fiscal
1329,fish
1330,fisher
1331,fisheries
1332,fishing
1333,fist
1334,fisting
1335,fitness
1336,fits
1337,fitted
1338,fitting
1339,five
1340,fixed
1341,fixes
1342,fixtures
1343,flag
1344,flags
1345,flame
1346,flash
1347,flashers
1348,flashing
1349,flat
1350,flavor
1351,fleece
1352,fleet
1353,flesh
1354,flex
1355,flexibility
1356,flexible
1357,flickr
1358,flight
1359,flights
1360,flip
1361,float
1362,floating
1363,flood
1364,floor
1365,flooring
1366,floors
1367,floppy
1368,floral
1369,florence
1370,florida
1371,florist
1372,florists
1373,flour
1374,flow
1375,flower
1376,flowers
1377,flows
1378,floyd
1379,fluid
1380,flush
1381,flux
1382,flyer
1383,flying
1384,foam
1385,focal
1386,focus
1387,focused
1388,focuses
1389,focusing
1390,fold
1391,folder
1392,folders
1393,folding
1394,folk
1395,folks
1396,follow
1397,followed
1398,following
1399,follows
1400,font
1401,fonts
1402,food
1403,foods
1404,fool
1405,foot
1406,footage
1407,football
1408,footwear
1409,forbes
1410,forbidden
1411,force
1412,forced
1413,forces
1414,ford
1415,forecast
1416,forecasts
1417,foreign
1418,forest
1419,forestry
1420,forests
1421,forever
1422,forge
1423,forget
1424,forgot
1425,forgotten
1426,fork
1427,form
1428,formal
1429,format
1430,formation
1431,formats
1432,formatting
1433,formed
1434,former
1435,formerly
1436,forming
1437,forms
1438,formula
1439,fort
1440,forth
1441,fortune
1442,forty
1443,forum
1444,forums
1445,forward
1446,forwarding
1447,fossil
1448,foster
1449,foto
1450,fotos
1451,fought
1452,foul
1453,found
1454,foundation
1455,foundations
1456,founded
1457,founder
1458,fountain
1459,four
1460,fourth
1461,fraction
1462,fragrance
1463,fragrances
1464,frame
1465,framed
1466,frames
1467,framework
1468,framing
1469,france
1470,franchise
1471,francis
1472,francisco
1473,frank
1474,frankfurt
1475,franklin
1476,fraser
1477,fraud
1478,fred
1479,frederick
1480,free
1481,freebsd
1482,freedom
1483,freelance
1484,freely
1485,freeware
1486,freeze
1487,freight
1488,french
1489,frequencies
1490,frequency
1491,frequent
1492,frequently
1493,fresh
1494,friday
1495,fridge
1496,friend
1497,friendly
1498,friends
1499,friendship
1500,frog
1501,from
1502,front
1503,frontier
1504,frontpage
1505,frost
1506,frozen
1507,fruit
1508,fruits
1509,fuck
1510,fucked
1511,fucking
1512,fuel
1513,fuji
1514,fujitsu
1515,full
1516,fully
1517,function
1518,functional
1519,functionality
1520,functioning
1521,functions
1522,fund
1523,fundamental
1524,fundamentals
1525,funded
1526,funding
1527,fundraising
1528,funds
1529,funeral
1530,funk
1531,funky
1532,funny
1533,furnished
1534,furnishings
1535,furniture
1536,further
1537,furthermore
1538,fusion
1539,future
1540,futures
1541,fuzzy
1542,gabriel
1543,gadgets
1544,gage
1545,gain
1546,gained
1547,gains
1548,galaxy
1549,gale
1550,galleries
1551,gallery
1552,gambling
1553,game
1554,gamecube
1555,games
1556,gamespot
1557,gaming
1558,gamma
1559,gang
1560,gangbang
1561,gaps
1562,garage
1563,garbage
1564,garcia
1565,garden
1566,gardening
1567,gardens
1568,garlic
1569,garmin
1570,gary
1571,gasoline
1572,gate
1573,gates
1574,gateway
1575,gather
1576,gathered
1577,gathering
1578,gauge
1579,gave
1580,gays
1581,gazette
1582,gear
1583,geek
1584,gender
1585,gene
1586,genealogy
1587,general
1588,generally
1589,generate
1590,generated
1591,generates
1592,generating
1593,generation
1594,generations
1595,generator
1596,generators
1597,generic
1598,generous
1599,genes
1600,genesis
1601,genetic
1602,genetics
1603,geneva
1604,genius
1605,genome
1606,genre
1607,genres
1608,gentle
1609,gentleman
1610,gently
1611,genuine
1612,geographic
1613,geographical
1614,geography
1615,geological
1616,geology
1617,geometry
1618,george
1619,georgia
1620,gerald
1621,german
1622,germany
1623,gets
1624,getting
1625,ghana
1626,ghost
1627,giant
1628,giants
1629,gibraltar
1630,gibson
1631,gift
1632,gifts
1633,gilbert
1634,girl
1635,girlfriend
1636,girls
1637,give
1638,given
1639,gives
1640,giving
1641,glad
1642,glance
1643,glasgow
1644,glass
1645,glasses
1646,glen
1647,glenn
1648,global
1649,globe
1650,glory
1651,glossary
1652,gloves
1653,glow
1654,glucose
1655,gmbh
1656,gnome
1657,goal
1658,goals
1659,goat
1660,gods
1661,goes
1662,going
1663,gold
1664,golden
1665,golf
1666,gone
1667,gonna
1668,good
1669,goods
1670,google
1671,gordon
1672,gore
1673,gorgeous
1674,gospel
1675,gossip
1676,gothic
1677,goto
1678,gotta
1679,gotten
1680,gourmet
1681,governance
1682,governing
1683,government
1684,governmental
1685,governments
1686,governor
1687,grab
1688,grace
1689,grad
1690,grade
1691,grades
1692,gradually
1693,graduate
1694,graduated
1695,graduates
1696,graduation
1697,graham
1698,grain
1699,grammar
1700,grams
1701,grand
1702,grande
1703,granny
1704,grant
1705,granted
1706,grants
1707,graph
1708,graphic
1709,graphical
1710,graphics
1711,graphs
1712,gras
1713,grass
1714,grateful
1715,gratis
1716,gratuit
1717,grave
1718,gravity
1719,gray
1720,great
1721,greater
1722,greatest
1723,greatly
1724,greece
1725,greek
1726,green
1727,greene
1728,greenhouse
1729,greensboro
1730,greeting
1731,greetings
1732,greg
1733,gregory
1734,grenada
1735,grew
1736,grey
1737,grid
1738,griffin
1739,grill
1740,grip
1741,grocery
1742,groove
1743,gross
1744,ground
1745,grounds
1746,groundwater
1747,group
1748,groups
1749,grove
1750,grow
1751,growing
1752,grown
1753,grows
1754,growth
1755,guam
1756,guarantee
1757,guaranteed
1758,guarantees
1759,guard
1760,guardian
1761,guards
1762,guatemala
1763,guess
1764,guest
1765,guestbook
1766,guests
1767,guidance
1768,guide
1769,guided
1770,guidelines
1771,guides
1772,guild
1773,guilty
1774,guinea
1775,guitar
1776,guitars
1777,gulf
1778,guns
1779,guru
1780,guyana
1781,guys
1782,gzip
1783,habitat
1784,habits
1785,hack
1786,hacker
1787,hair
1788,hairy
1789,haiti
1790,half
1791,halifax
1792,hall
1793,halloween
1794,halo
1795,hamburg
1796,hamilton
1797,hammer
1798,hampshire
1799,hampton
1800,hand
1801,handbags
1802,handbook
1803,handed
1804,handheld
1805,handhelds
1806,handjob
1807,handjobs
1808,handle
1809,handled
1810,handles
1811,handling
1812,handmade
1813,hands
1814,handy
1815,hang
1816,hanging
1817,hans
1818,hansen
1819,happen
1820,happened
1821,happening
1822,happens
1823,happiness
1824,happy
1825,harassment
1826,harbor
1827,harbour
1828,hard
1829,hardcore
1830,hardcover
1831,harder
1832,hardly
1833,hardware
1834,hardwood
1835,harley
1836,harm
1837,harmful
1838,harmony
1839,harold
1840,harper
1841,harris
1842,harrison
1843,harry
1844,hart
1845,hartford
1846,harvard
1847,harvest
1848,harvey
1849,hash
1850,hate
1851,hats
1852,have
1853,haven
1854,having
1855,hawaii
1856,hawaiian
1857,hawk
1858,hayes
1859,hazard
1860,hazardous
1861,hazards
1862,hdtv
1863,head
1864,headed
1865,header
1866,headers
1867,heading
1868,headline
1869,headlines
1870,headphones
1871,headquarters
1872,heads
1873,headset
1874,healing
1875,health
1876,healthcare
1877,healthy
1878,hear
1879,heard
1880,hearing
1881,hearings
1882,heart
1883,hearts
1884,heat
1885,heated
1886,heater
1887,heath
1888,heather
1889,heating
1890,heaven
1891,heavily
1892,heavy
1893,hebrew
1894,heel
1895,height
1896,heights
1897,held
1898,helen
1899,helena
1900,helicopter
1901,hell
1902,hello
1903,helmet
1904,help
1905,helped
1906,helpful
1907,helping
1908,helps
1909,hence
1910,henderson
1911,henry
1912,hentai
1913,hepatitis
1914,herald
1915,herb
1916,herbal
1917,herbs
1918,here
1919,hereby
1920,herein
1921,heritage
1922,hero
1923,heroes
1924,herself
1925,hewlett
1926,hidden
1927,hide
1928,hierarchy
1929,high
1930,higher
1931,highest
1932,highland
1933,highlight
1934,highlighted
1935,highlights
1936,highly
1937,highs
1938,highway
1939,highways
1940,hiking
1941,hill
1942,hills
1943,hilton
1944,himself
1945,hindu
1946,hint
1947,hints
1948,hire
1949,hired
1950,hiring
1951,hispanic
1952,hist
1953,historic
1954,historical
1955,history
1956,hitachi
1957,hits
1958,hitting
1959,hobbies
1960,hobby
1961,hockey
1962,hold
1963,holdem
1964,holder
1965,holders
1966,holding
1967,holdings
1968,holds
1969,hole
1970,holes
1971,holiday
1972,holidays
1973,holland
1974,hollow
1975,holly
1976,hollywood
1977,holmes
1978,holocaust
1979,holy
1980,home
1981,homeland
1982,homeless
1983,homepage
1984,homes
1985,hometown
1986,homework
1987,honda
1988,honduras
1989,honest
1990,honey
1991,hong
1992,honolulu
1993,honor
1994,honors
1995,hood
1996,hook
1997,hope
1998,hoped
1999,hopefully
2000,hopes
2001,hoping
2002,hopkins
2003,horizon
2004,horizontal
2005,hormone
2006,horn
2007,horny
2008,horrible
2009,horror
2010,horse
2011,horses
2012,hose
2013,hospital
2014,hospitality
2015,hospitals
2016,host
2017,hosted
2018,hostel
2019,hostels
2020,hosting
2021,hosts
2022,hotel
2023,hotels
2024,hotmail
2025,hottest
2026,hour
2027,hourly
2028,hours
2029,house
2030,household
2031,households
2032,houses
2033,housewares
2034,housewives
2035,housing
2036,houston
2037,howard
2038,however
2039,howto
2040,href
2041,html
2042,http
2043,hudson
2044,huge
2045,hugh
2046,hughes
2047,hugo
2048,hull
2049,human
2050,humanitarian
2051,humanities
2052,humanity
2053,humans
2054,humidity
2055,humor
2056,hundred
2057,hundreds
2058,hung
2059,hungarian
2060,hungary
2061,hunger
2062,hungry
2063,hunt
2064,hunter
2065,hunting
2066,huntington
2067,hurricane
2068,hurt
2069,husband
2070,hybrid
2071,hydraulic
2072,hydrocodone
2073,hydrogen
2074,hygiene
2075,hypothesis
2076,hypothetical
2077,hyundai
2078,iceland
2079,icon
2080,icons
2081,idaho
2082,idea
2083,ideal
2084,ideas
2085,identical
2086,identification
2087,identified
2088,identifier
2089,identifies
2090,identify
2091,identifying
2092,identity
2093,idle
2094,idol
2095,ieee
2096,ignore
2097,ignored
2098,illegal
2099,illinois
2100,illness
2101,illustrated
2102,illustration
2103,illustrations
2104,image
2105,images
2106,imagination
2107,imagine
2108,imaging
2109,immediate
2110,immediately
2111,immigrants
2112,immigration
2113,immune
2114,immunology
2115,impact
2116,impacts
2117,impaired
2118,imperial
2119,implement
2120,implementation
2121,implemented
2122,implementing
2123,implications
2124,implied
2125,implies
2126,import
2127,importance
2128,important
2129,importantly
2130,imported
2131,imports
2132,impose
2133,imposed
2134,impossible
2135,impressed
2136,impression
2137,impressive
2138,improve
2139,improved
2140,improvement
2141,improvements
2142,improving
2143,inappropriate
2144,inbox
2145,incentive
2146,incentives
2147,incest
2148,inch
2149,inches
2150,incidence
2151,incident
2152,incidents
2153,incl
2154,include
2155,included
2156,includes
2157,including
2158,inclusion
2159,inclusive
2160,income
2161,incoming
2162,incomplete
2163,incorporate
2164,incorporated
2165,incorrect
2166,increase
2167,increased
2168,increases
2169,increasing
2170,increasingly
2171,incredible
2172,incurred
2173,indeed
2174,independence
2175,independent
2176,independently
2177,index
2178,indexed
2179,indexes
2180,india
2181,indian
2182,indiana
2183,indianapolis
2184,indians
2185,indicate
2186,indicated
2187,indicates
2188,indicating
2189,indication
2190,indicator
2191,indicators
2192,indices
2193,indie
2194,indigenous
2195,indirect
2196,individual
2197,individually
2198,individuals
2199,indonesia
2200,indonesian
2201,indoor
2202,induced
2203,induction
2204,industrial
2205,industries
2206,industry
2207,inexpensive
2208,infant
2209,infants
2210,infected
2211,infection
2212,infections
2213,infectious
2214,infinite
2215,inflation
2216,influence
2217,influenced
2218,influences
2219,info
2220,inform
2221,informal
2222,information
2223,informational
2224,informative
2225,informed
2226,infrared
2227,infrastructure
2228,infringement
2229,ingredients
2230,inherited
2231,initial
2232,initially
2233,initiated
2234,initiative
2235,initiatives
2236,injection
2237,injured
2238,injuries
2239,injury
2240,inkjet
2241,inline
2242,inner
2243,innocent
2244,innovation
2245,innovations
2246,innovative
2247,inns
2248,input
2249,inputs
2250,inquire
2251,inquiries
2252,inquiry
2253,insects
2254,insert
2255,inserted
2256,insertion
2257,inside
2258,insider
2259,insight
2260,insights
2261,inspection
2262,inspections
2263,inspector
2264,inspiration
2265,inspired
2266,install
2267,installation
2268,installations
2269,installed
2270,installing
2271,instance
2272,instances
2273,instant
2274,instantly
2275,instead
2276,institute
2277,institutes
2278,institution
2279,institutional
2280,institutions
2281,instruction
2282,instructional
2283,instructions
2284,instructor
2285,instructors
2286,instrument
2287,instrumental
2288,instrumentation
2289,instruments
2290,insulation
2291,insulin
2292,insurance
2293,insured
2294,intake
2295,integer
2296,integral
2297,integrate
2298,integrated
2299,integrating
2300,integration
2301,integrity
2302,intel
2303,intellectual
2304,intelligence
2305,intelligent
2306,intend
2307,intended
2308,intense
2309,intensity
2310,intensive
2311,intent
2312,intention
2313,inter
2314,interact
2315,interaction
2316,interactions
2317,interactive
2318,interest
2319,interested
2320,interesting
2321,interests
2322,interface
2323,interfaces
2324,interference
2325,interior
2326,intermediate
2327,international
2328,internationally
2329,internship
2330,interpretation
2331,interracial
2332,intersection
2333,interval
2334,intervals
2335,interventions
2336,interview
2337,intimate
2338,intl
2339,intranet
2340,intro
2341,introduced
2342,introduces
2343,introduction
2344,introductory
2345,invasion
2346,invention
2347,invest
2348,investigate
2349,investigation
2350,investigations
2351,investigators
2352,investing
2353,investments
2354,investor
2355,invisible
2356,invision
2357,invitations
2358,invite
2359,invoice
2360,involve
2361,involvement
2362,involves
2363,iowa
2364,ipaq
2365,iran
2366,iraq
2367,ireland
2368,irish
2369,irrigation
2370,isaac
2371,islam
2372,islamic
2373,islands
2374,isle
2375,isolation
2376,israel
2377,issn
2378,issue
2379,issues
2380,istanbul
2381,italian
2382,italiano
2383,italy
2384,item
2385,itself
2386,itunes
2387,jack
2388,jacket
2389,jackie
2390,jackson
2391,jacob
2392,jade
2393,jail
2394,jake
2395,james
2396,jamie
2397,janet
2398,january
2399,japanese
2400,jason
2401,javascript
2402,jazz
2403,jeans
2404,jeep
2405,jefferson
2406,jeffrey
2407,jennifer
2408,jenny
2409,jerry
2410,jersey
2411,jesse
2412,jessica
2413,jets
2414,jewel
2415,jewelry
2416,jewish
2417,jill
2418,jimmy
2419,jobs
2420,joel
2421,johnny
2422,johns
2423,johnston
2424,join
2425,joining
2426,joins
2427,joke
2428,jokes
2429,jones
2430,jordan
2431,joseph
2432,josh
2433,journal
2434,journalism
2435,journalists
2436,journals
2437,joyce
2438,jpeg
2439,judge
2440,judges
2441,judicial
2442,judy
2443,julia
2444,julian
2445,july
2446,jump
2447,junction
2448,june
2449,junior
2450,junk
2451,jury
2452,just
2453,justify
2454,justin
2455,kansas
2456,karaoke
2457,karl
2458,karma
2459,kathy
2460,katie
2461,kazakhstan
2462,keen
2463,keeping
2464,keeps
2465,kelkoo
2466,kelly
2467,kenneth
2468,kenny
2469,kent
2470,kentucky
2471,kept
2472,kernel
2473,kevin
2474,keyboard
2475,keys
2476,keyword
2477,kick
2478,kidney
2479,kijiji
2480,kill
2481,killer
2482,killing
2483,kilometers
2484,kinase
2485,kinda
2486,kinds
2487,kingdom
2488,kings
2489,kirk
2490,kiss
2491,kitchen
2492,kits
2493,klein
2494,knee
2495,knife
2496,knight
2497,knit
2498,knitting
2499,knock
2500,know
2501,knowledge
2502,knowledgestorm
2503,knows
2504,kodak
2505,korea
2506,korean
2507,kurt
2508,kuwait
2509,label
2510,labeled
2511,labor
2512,laboratories
2513,labour
2514,labs
2515,lack
2516,ladder
2517,ladies
2518,lady
2519,laid
2520,lake
2521,lamb
2522,lambda
2523,lamps
2524,lancaster
2525,land
2526,landing
2527,landscape
2528,landscapes
2529,lanes
2530,lang
2531,languages
2532,lanka
2533,laptop
2534,laptops
2535,largely
2536,larger
2537,larry
2538,laser
2539,lasting
2540,late
2541,later
2542,latest
2543,latin
2544,latina
2545,latino
2546,latitude
2547,latvia
2548,lauderdale
2549,laughing
2550,launch
2551,launches
2552,laundry
2553,lauren
2554,lawn
2555,laws
2556,lawsuit
2557,lawyers
2558,layer
2559,layout
2560,lazy
2561,leader
2562,leaders
2563,leading
2564,leads
2565,league
2566,lean
2567,learned
2568,learners
2569,lease
2570,leasing
2571,leather
2572,leave
2573,leaving
2574,lebanon
2575,lectures
2576,leeds
2577,legacy
2578,legal
2579,legend
2580,legendary
2581,legislation
2582,legislative
2583,legitimate
2584,legs
2585,lemon
2586,lender
2587,lending
2588,length
2589,lenses
2590,leon
2591,leone
2592,lesbian
2593,leslie
2594,less
2595,lesson
2596,lessons
2597,letter
2598,letters
2599,level
2600,levels
2601,levy
2602,lewis
2603,lexmark
2604,lexus
2605,liability
2606,liable
2607,liberia
2608,liberty
2609,libraries
2610,library
2611,licence
2612,license
2613,licenses
2614,licensing
2615,liechtenstein
2616,lies
2617,lifestyle
2618,lifetime
2619,light
2620,lightbox
2621,lighting
2622,lightning
2623,lightweight
2624,like
2625,likelihood
2626,likely
2627,likewise
2628,lime
2629,limitation
2630,limitations
2631,limiting
2632,limits
2633,lincoln
2634,linda
2635,line
2636,linear
2637,lines
2638,lingerie
2639,linked
2640,linking
2641,linux
2642,lion
2643,lips
2644,liquid
2645,list
2646,listed
2647,listening
2648,listing
2649,listprice
2650,lists
2651,literacy
2652,literally
2653,literature
2654,lithuania
2655,little
2656,live
2657,lived
2658,liver
2659,lives
2660,livesex
2661,living
2662,lloyd
2663,loaded
2664,loading
2665,loan
2666,loans
2667,local
2668,locale
2669,locate
2670,located
2671,locations
2672,locator
2673,locked
2674,locking
2675,lodge
2676,lodging
2677,logged
2678,logging
2679,logical
2680,login
2681,logitech
2682,logo
2683,logs
2684,lolita
2685,lone
2686,lonely
2687,longer
2688,longest
2689,look
2690,looked
2691,looks
2692,looksmart
2693,loop
2694,loops
2695,lopez
2696,lord
2697,losing
2698,loss
2699,lost
2700,lots
2701,lotus
2702,loud
2703,louise
2704,louisiana
2705,lounge
2706,love
2707,lovely
2708,lover
2709,loves
2710,loving
2711,lowest
2712,lows
2713,lucia
2714,luck
2715,lucy
2716,luggage
2717,luke
2718,lunch
2719,luther
2720,luxembourg
2721,lycos
2722,lying
2723,lyric
2724,lyrics
2725,machine
2726,machinery
2727,macintosh
2728,macro
2729,madagascar
2730,made
2731,madness
2732,madonna
2733,magazine
2734,magazines
2735,magical
2736,magnet
2737,magnificent
2738,magnitude
2739,mail
2740,mailed
2741,mailman
2742,mails
2743,main
2744,maine
2745,mainly
2746,mainstream
2747,maintained
2748,maintaining
2749,maintenance
2750,major
2751,make
2752,maker
2753,makes
2754,makeup
2755,malawi
2756,malaysia
2757,male
2758,males
2759,mall
2760,malpractice
2761,mambo
2762,manage
2763,management
2764,manager
2765,managing
2766,manchester
2767,mandatory
2768,manga
2769,manitoba
2770,manner
2771,manual
2772,manually
2773,manufacture
2774,manufactured
2775,manufacturers
2776,manufacturing
2777,maple
2778,mapping
2779,marathon
2780,marble
2781,march
2782,marco
2783,mardi
2784,margaret
2785,maria
2786,mariah
2787,marijuana
2788,marilyn
2789,marine
2790,mario
2791,maritime
2792,mark
2793,marker
2794,markers
2795,marketing
2796,marketplace
2797,markets
2798,marking
2799,marks
2800,marriage
2801,married
2802,marriott
2803,mars
2804,marsh
2805,marshall
2806,mart
2807,martha
2808,martial
2809,martin
2810,marvel
2811,mary
2812,maryland
2813,mask
2814,mason
2815,mass
2816,massachusetts
2817,massage
2818,massive
2819,master
2820,mastercard
2821,masters
2822,masturbating
2823,masturbation
2824,match
2825,matched
2826,matches
2827,matching
2828,mate
2829,material
2830,materials
2831,maternity
2832,math
2833,mathematical
2834,mathematics
2835,mating
2836,matrix
2837,mats
2838,matt
2839,matter
2840,matters
2841,matthew
2842,mattress
2843,mature
2844,maui
2845,mauritius
2846,maximize
2847,maximum
2848,maybe
2849,mayor
2850,mazda
2851,mcdonald
2852,meal
2853,meals
2854,mean
2855,meaning
2856,meaningful
2857,means
2858,meant
2859,meanwhile
2860,measure
2861,measured
2862,measurement
2863,measurements
2864,measures
2865,measuring
2866,meat
2867,mechanical
2868,mechanics
2869,mechanism
2870,mechanisms
2871,medal
2872,media
2873,median
2874,mediawiki
2875,medicaid
2876,medical
2877,medicare
2878,medication
2879,medications
2880,medicine
2881,medicines
2882,medieval
2883,meditation
2884,mediterranean
2885,medium
2886,medline
2887,meet
2888,meeting
2889,meetings
2890,meets
2891,meetup
2892,mega
2893,melbourne
2894,melissa
2895,member
2896,members
2897,membership
2898,membrane
2899,memo
2900,memorabilia
2901,memorial
2902,memories
2903,memory
2904,memphis
2905,mens
2906,ment
2907,mental
2908,mention
2909,mentioned
2910,mentor
2911,menu
2912,menus
2913,mercedes
2914,merchandise
2915,merchant
2916,merchants
2917,mercury
2918,mercy
2919,mere
2920,merely
2921,merge
2922,merger
2923,merit
2924,merry
2925,mesa
2926,mesh
2927,mess
2928,message
2929,messages
2930,messaging
2931,messenger
2932,meta
2933,metabolism
2934,metadata
2935,metal
2936,metallic
2937,metallica
2938,metals
2939,meter
2940,meters
2941,method
2942,methodology
2943,methods
2944,metres
2945,metric
2946,metro
2947,metropolitan
2948,mexican
2949,mexico
2950,meyer
2951,miami
2952,mice
2953,michael
2954,michel
2955,michelle
2956,michigan
2957,micro
2958,microphone
2959,microsoft
2960,microwave
2961,middle
2962,midi
2963,midlands
2964,midnight
2965,midwest
2966,might
2967,mighty
2968,migration
2969,mike
2970,milan
2971,mild
2972,mile
2973,mileage
2974,miles
2975,milf
2976,milfhunter
2977,milfs
2978,military
2979,milk
2980,mill
2981,millennium
2982,miller
2983,million
2984,millions
2985,mills
2986,milton
2987,milwaukee
2988,mime
2989,mind
2990,minds
2991,mine
2992,mineral
2993,minerals
2994,mines
2995,mini
2996,miniature
2997,minimal
2998,minimize
2999,minimum
3000,mining
3001,minister
3002,ministers
3003,ministries
3004,ministry
3005,minneapolis
3006,minnesota
3007,minolta
3008,minor
3009,minority
3010,mins
3011,mint
3012,minus
3013,minute
3014,minutes
3015,miracle
3016,mirror
3017,mirrors
3018,misc
3019,miscellaneous
3020,miss
3021,missed
3022,missile
3023,missing
3024,mission
3025,missions
3026,mississippi
3027,missouri
3028,mistake
3029,mistakes
3030,mistress
3031,mitchell
3032,mitsubishi
3033,mixed
3034,mixer
3035,mixing
3036,mixture
3037,mobile
3038,mobiles
3039,mobility
3040,mode
3041,model
3042,modeling
3043,modelling
3044,models
3045,modem
3046,modems
3047,moderate
3048,moderator
3049,moderators
3050,modern
3051,modes
3052,modification
3053,modifications
3054,modified
3055,modify
3056,mods
3057,modular
3058,module
3059,modules
3060,moisture
3061,mold
3062,moldova
3063,molecular
3064,molecules
3065,moment
3066,moments
3067,momentum
3068,moms
3069,monaco
3070,monday
3071,monetary
3072,money
3073,mongolia
3074,monica
3075,monitor
3076,monitored
3077,monitoring
3078,monitors
3079,monkey
3080,mono
3081,monroe
3082,monster
3083,monsters
3084,montana
3085,monte
3086,montgomery
3087,month
3088,monthly
3089,months
3090,montreal
3091,mood
3092,moon
3093,moore
3094,moral
3095,more
3096,moreover
3097,morgan
3098,morning
3099,morocco
3100,morris
3101,morrison
3102,mortality
3103,mortgage
3104,mortgages
3105,moscow
3106,moses
3107,moss
3108,most
3109,mostly
3110,motel
3111,motels
3112,mother
3113,motherboard
3114,mothers
3115,motion
3116,motivated
3117,motivation
3118,motor
3119,motorcycle
3120,motorcycles
3121,motorola
3122,motors
3123,mount
3124,mountain
3125,mountains
3126,mounted
3127,mounting
3128,mounts
3129,mouse
3130,mouth
3131,move
3132,moved
3133,movement
3134,movements
3135,movers
3136,moves
3137,movie
3138,movies
3139,moving
3140,mozambique
3141,mozilla
3142,mpeg
3143,mpegs
3144,mrna
3145,msgid
3146,msgstr
3147,msie
3148,much
3149,multi
3150,multimedia
3151,multiple
3152,mumbai
3153,munich
3154,municipal
3155,municipality
3156,murder
3157,murphy
3158,murray
3159,muscle
3160,muscles
3161,museum
3162,museums
3163,music
3164,musical
3165,musician
3166,musicians
3167,muslim
3168,muslims
3169,must
3170,mustang
3171,mutual
3172,muze
3173,myanmar
3174,myers
3175,myrtle
3176,myself
3177,mysimon
3178,myspace
3179,mysql
3180,mysterious
3181,mystery
3182,myth
3183,nail
3184,nails
3185,naked
3186,name
3187,named
3188,namely
3189,names
3190,namespace
3191,namibia
3192,nancy
3193,nano
3194,naples
3195,narrative
3196,narrow
3197,nasa
3198,nascar
3199,nasdaq
3200,nashville
3201,nasty
3202,nathan
3203,nation
3204,national
3205,nationally
3206,nations
3207,nationwide
3208,native
3209,nato
3210,natural
3211,naturally
3212,naturals
3213,nature
3214,naughty
3215,naval
3216,navigate
3217,navigation
3218,navigator
3219,navy
3220,ncaa
3221,near
3222,nearby
3223,nearest
3224,nearly
3225,nebraska
3226,necessarily
3227,necessary
3228,necessity
3229,neck
3230,necklace
3231,need
3232,needed
3233,needle
3234,needs
3235,negative
3236,negotiation
3237,negotiations
3238,neighbor
3239,neighborhood
3240,neighbors
3241,neil
3242,neither
3243,nelson
3244,neon
3245,nepal
3246,nerve
3247,nervous
3248,nest
3249,nested
3250,netherlands
3251,netscape
3252,network
3253,networking
3254,networks
3255,neural
3256,neutral
3257,nevada
3258,never
3259,nevertheless
3260,newark
3261,newbie
3262,newcastle
3263,newer
3264,newest
3265,newfoundland
3266,newly
3267,newman
3268,newport
3269,news
3270,newsletter
3271,newsletters
3272,newspaper
3273,newspapers
3274,newton
3275,next
3276,nextel
3277,niagara
3278,nicaragua
3279,nice
3280,nicholas
3281,nick
3282,nickel
3283,nickname
3284,nicole
3285,niger
3286,nigeria
3287,night
3288,nightlife
3289,nightmare
3290,nights
3291,nike
3292,nikon
3293,nine
3294,nintendo
3295,nipple
3296,nipples
3297,nirvana
3298,nissan
3299,nitrogen
3300,noble
3301,nobody
3302,node
3303,nodes
3304,noise
3305,nokia
3306,nominated
3307,nomination
3308,nominations
3309,none
3310,nonprofit
3311,noon
3312,norfolk
3313,norm
3314,normal
3315,normally
3316,norman
3317,north
3318,northeast
3319,northern
3320,northwest
3321,norton
3322,norway
3323,norwegian
3324,nose
3325,note
3326,notebook
3327,notebooks
3328,noted
3329,notes
3330,nothing
3331,notice
3332,noticed
3333,notices
3334,notification
3335,notifications
3336,notified
3337,notify
3338,notion
3339,notre
3340,nottingham
3341,nova
3342,novel
3343,novels
3344,novelty
3345,november
3346,nowhere
3347,ntsc
3348,nuclear
3349,nude
3350,nudist
3351,nudity
3352,nuke
3353,
3354,number
3355,numbers
3356,numeric
3357,numerical
3358,numerous
3359,nurse
3360,nursery
3361,nurses
3362,nursing
3363,nutrition
3364,nutritional
3365,nuts
3366,nutten
3367,nvidia
3368,nylon
3369,oakland
3370,oaks
3371,oasis
3372,obesity
3373,obituaries
3374,object
3375,objective
3376,objectives
3377,objects
3378,obligation
3379,obligations
3380,observation
3381,observations
3382,observe
3383,observed
3384,observer
3385,obtain
3386,obtained
3387,obtaining
3388,obvious
3389,obviously
3390,occasion
3391,occasional
3392,occasionally
3393,occasions
3394,occupation
3395,occupational
3396,occupations
3397,occupied
3398,occur
3399,occurred
3400,occurrence
3401,occurring
3402,occurs
3403,ocean
3404,oclc
3405,october
3406,odds
3407,oecd
3408,offense
3409,offensive
3410,offer
3411,offered
3412,offering
3413,offerings
3414,offers
3415,office
3416,officer
3417,officers
3418,offices
3419,official
3420,officially
3421,officials
3422,offline
3423,offset
3424,offshore
3425,often
3426,ohio
3427,oils
3428,okay
3429,oklahoma
3430,older
3431,oldest
3432,olive
3433,oliver
3434,olympic
3435,olympics
3436,olympus
3437,omaha
3438,oman
3439,omega
3440,omissions
3441,once
3442,ones
3443,ongoing
3444,onion
3445,online
3446,only
3447,ontario
3448,onto
3449,oops
3450,open
3451,opened
3452,opening
3453,openings
3454,opens
3455,opera
3456,operate
3457,operated
3458,operates
3459,operating
3460,operation
3461,operational
3462,operations
3463,operator
3464,operators
3465,opinion
3466,opinions
3467,opponent
3468,opponents
3469,opportunities
3470,opportunity
3471,opposed
3472,opposite
3473,opposition
3474,optical
3475,optics
3476,optimal
3477,optimization
3478,optimize
3479,optimum
3480,option
3481,optional
3482,options
3483,oracle
3484,oral
3485,orange
3486,orbit
3487,orchestra
3488,order
3489,ordered
3490,ordering
3491,orders
3492,ordinance
3493,ordinary
3494,oregon
3495,organ
3496,organic
3497,organisation
3498,organisations
3499,organised
3500,organisms
3501,organization
3502,organizational
3503,organizations
3504,organize
3505,organized
3506,organizer
3507,organizing
3508,orgasm
3509,orgy
3510,oriental
3511,orientation
3512,oriented
3513,origin
3514,original
3515,originally
3516,origins
3517,orlando
3518,orleans
3519,oscar
3520,other
3521,others
3522,otherwise
3523,ottawa
3524,ought
3525,ours
3526,ourselves
3527,outcome
3528,outcomes
3529,outdoor
3530,outdoors
3531,outer
3532,outlet
3533,outlets
3534,outline
3535,outlined
3536,outlook
3537,output
3538,outputs
3539,outreach
3540,outside
3541,outsourcing
3542,outstanding
3543,oval
3544,oven
3545,over
3546,overall
3547,overcome
3548,overhead
3549,overnight
3550,overseas
3551,overview
3552,owen
3553,owned
3554,owner
3555,owners
3556,ownership
3557,owns
3558,oxford
3559,oxide
3560,oxygen
3561,ozone
3562,pace
3563,pacific
3564,pack
3565,package
3566,packages
3567,packaging
3568,packard
3569,packed
3570,packet
3571,packets
3572,packing
3573,packs
3574,pads
3575,page
3576,pages
3577,paid
3578,pain
3579,painful
3580,paint
3581,paintball
3582,painted
3583,painting
3584,paintings
3585,pair
3586,pairs
3587,pakistan
3588,palace
3589,pale
3590,palestine
3591,palestinian
3592,palm
3593,palmer
3594,pamela
3595,panama
3596,panasonic
3597,panel
3598,panels
3599,panic
3600,panties
3601,pants
3602,pantyhose
3603,paper
3604,paperback
3605,paperbacks
3606,papers
3607,papua
3608,para
3609,parade
3610,paradise
3611,paragraph
3612,paragraphs
3613,paraguay
3614,parallel
3615,parameter
3616,parameters
3617,parcel
3618,parent
3619,parental
3620,parenting
3621,parents
3622,paris
3623,parish
3624,park
3625,parker
3626,parking
3627,parks
3628,parliament
3629,parliamentary
3630,part
3631,partial
3632,partially
3633,participant
3634,participants
3635,participate
3636,participated
3637,participating
3638,participation
3639,particle
3640,particles
3641,particular
3642,particularly
3643,parties
3644,partition
3645,partly
3646,partner
3647,partners
3648,partnership
3649,partnerships
3650,parts
3651,party
3652,paso
3653,pass
3654,passage
3655,passed
3656,passenger
3657,passengers
3658,passes
3659,passing
3660,passion
3661,passive
3662,passport
3663,password
3664,passwords
3665,past
3666,pasta
3667,paste
3668,pastor
3669,patch
3670,patches
3671,patent
3672,patents
3673,path
3674,pathology
3675,paths
3676,patient
3677,patients
3678,patio
3679,patricia
3680,patrick
3681,patrol
3682,pattern
3683,patterns
3684,paul
3685,pavilion
3686,paxil
3687,payable
3688,payday
3689,paying
3690,payment
3691,payments
3692,paypal
3693,payroll
3694,pays
3695,pdas
3696,peace
3697,peaceful
3698,peak
3699,pearl
3700,peas
3701,pediatric
3702,peeing
3703,peer
3704,peers
3705,penalties
3706,penalty
3707,pencil
3708,pendant
3709,pending
3710,penetration
3711,penguin
3712,peninsula
3713,penis
3714,penn
3715,pennsylvania
3716,penny
3717,pens
3718,pension
3719,pensions
3720,pentium
3721,people
3722,peoples
3723,pepper
3724,perceived
3725,percent
3726,percentage
3727,perception
3728,perfect
3729,perfectly
3730,perform
3731,performance
3732,performances
3733,performed
3734,performer
3735,performing
3736,performs
3737,perfume
3738,perhaps
3739,period
3740,periodic
3741,periodically
3742,periods
3743,peripheral
3744,peripherals
3745,perl
3746,permalink
3747,permanent
3748,permission
3749,permissions
3750,permit
3751,permits
3752,permitted
3753,perry
3754,persian
3755,persistent
3756,person
3757,personal
3758,personality
3759,personalized
3760,personally
3761,personals
3762,personnel
3763,persons
3764,perspective
3765,perspectives
3766,perth
3767,peru
3768,pest
3769,pete
3770,peter
3771,petersburg
3772,peterson
3773,petite
3774,petition
3775,petroleum
3776,pets
3777,phantom
3778,pharmaceutical
3779,pharmaceuticals
3780,pharmacies
3781,pharmacology
3782,pharmacy
3783,phase
3784,phases
3785,phenomenon
3786,phentermine
3787,phil
3788,philadelphia
3789,philip
3790,philippines
3791,philips
3792,phillips
3793,philosophy
3794,phoenix
3795,phone
3796,phones
3797,photo
3798,photograph
3799,photographer
3800,photographers
3801,photographic
3802,photographs
3803,photography
3804,photos
3805,photoshop
3806,phpbb
3807,phrase
3808,phrases
3809,phys
3810,physical
3811,physically
3812,physician
3813,physicians
3814,physics
3815,physiology
3816,piano
3817,pichunter
3818,pick
3819,picked
3820,picking
3821,picks
3822,pickup
3823,picnic
3824,pics
3825,picture
3826,pictures
3827,piece
3828,pieces
3829,pierce
3830,pierre
3831,pike
3832,pill
3833,pillow
3834,pills
3835,pilot
3836,pine
3837,ping
3838,pink
3839,pins
3840,pioneer
3841,pipe
3842,pipeline
3843,pipes
3844,pirates
3845,piss
3846,pissing
3847,pitch
3848,pittsburgh
3849,pixel
3850,pixels
3851,pizza
3852,place
3853,placed
3854,placement
3855,places
3856,placing
3857,plain
3858,plains
3859,plaintiff
3860,plan
3861,plane
3862,planes
3863,planet
3864,planets
3865,planned
3866,planner
3867,planners
3868,planning
3869,plans
3870,plant
3871,plants
3872,plasma
3873,plastic
3874,plastics
3875,plate
3876,plates
3877,platform
3878,platforms
3879,platinum
3880,play
3881,playback
3882,playboy
3883,played
3884,player
3885,players
3886,playing
3887,playlist
3888,plays
3889,playstation
3890,plaza
3891,pleasant
3892,please
3893,pleased
3894,pleasure
3895,pledge
3896,plenty
3897,plot
3898,plots
3899,plug
3900,plugin
3901,plugins
3902,plumbing
3903,plus
3904,plymouth
3905,pmid
3906,pocket
3907,pockets
3908,podcast
3909,podcasts
3910,poem
3911,poems
3912,poet
3913,poetry
3914,point
3915,pointed
3916,pointer
3917,pointing
3918,points
3919,poison
3920,pokemon
3921,poker
3922,poland
3923,polar
3924,pole
3925,police
3926,policies
3927,policy
3928,polish
3929,polished
3930,political
3931,politicians
3932,politics
3933,poll
3934,polls
3935,pollution
3936,polo
3937,poly
3938,polyester
3939,polymer
3940,polyphonic
3941,pond
3942,pontiac
3943,pool
3944,pools
3945,poor
3946,pope
3947,popular
3948,popularity
3949,population
3950,populations
3951,porcelain
3952,pork
3953,porn
3954,porno
3955,porsche
3956,port
3957,portable
3958,portal
3959,porter
3960,portfolio
3961,portion
3962,portions
3963,portland
3964,portrait
3965,portraits
3966,ports
3967,portsmouth
3968,portugal
3969,portuguese
3970,pose
3971,posing
3972,position
3973,positioning
3974,positions
3975,positive
3976,possess
3977,possession
3978,possibilities
3979,possibility
3980,possible
3981,possibly
3982,post
3983,postage
3984,postal
3985,postcard
3986,postcards
3987,posted
3988,poster
3989,posters
3990,posting
3991,postings
3992,postposted
3993,posts
3994,potato
3995,potatoes
3996,potential
3997,potentially
3998,potter
3999,pottery
4000,poultry
4001,pound
4002,pounds
4003,pour
4004,poverty
4005,powder
4006,powell
4007,power
4008,powered
4009,powerful
4010,powerpoint
4011,powers
4012,powerseller
4013,practical
4014,practice
4015,practices
4016,practitioner
4017,practitioners
4018,prague
4019,prairie
4020,praise
4021,pray
4022,prayer
4023,prayers
4024,preceding
4025,precious
4026,precipitation
4027,precise
4028,precisely
4029,precision
4030,predict
4031,predicted
4032,prediction
4033,predictions
4034,prefer
4035,preference
4036,preferences
4037,preferred
4038,prefers
4039,prefix
4040,pregnancy
4041,pregnant
4042,preliminary
4043,premier
4044,premiere
4045,premises
4046,premium
4047,prep
4048,prepaid
4049,preparation
4050,prepare
4051,prepared
4052,preparing
4053,prerequisite
4054,prescribed
4055,prescription
4056,presence
4057,present
4058,presentation
4059,presentations
4060,presented
4061,presenting
4062,presently
4063,presents
4064,preservation
4065,preserve
4066,president
4067,presidential
4068,press
4069,pressed
4070,pressing
4071,pressure
4072,preston
4073,pretty
4074,prev
4075,prevent
4076,preventing
4077,prevention
4078,preview
4079,previews
4080,previous
4081,previously
4082,price
4083,priced
4084,prices
4085,pricing
4086,pride
4087,priest
4088,primarily
4089,primary
4090,prime
4091,prince
4092,princess
4093,princeton
4094,principal
4095,principle
4096,principles
4097,print
4098,printable
4099,printed
4100,printer
4101,printers
4102,printing
4103,prints
4104,prior
4105,priorities
4106,priority
4107,prison
4108,prisoner
4109,prisoners
4110,privacy
4111,private
4112,privilege
4113,privileges
4114,prix
4115,prize
4116,prizes
4117,probability
4118,probably
4119,probe
4120,problem
4121,problems
4122,proc
4123,procedure
4124,procedures
4125,proceed
4126,proceeding
4127,proceedings
4128,proceeds
4129,process
4130,processed
4131,processes
4132,processing
4133,processor
4134,processors
4135,procurement
4136,produce
4137,produced
4138,producer
4139,producers
4140,produces
4141,producing
4142,product
4143,production
4144,productions
4145,productive
4146,productivity
4147,products
4148,profession
4149,professional
4150,professionals
4151,professor
4152,profile
4153,profiles
4154,profit
4155,profits
4156,program
4157,programme
4158,programmer
4159,programmers
4160,programmes
4161,programming
4162,programs
4163,progress
4164,progressive
4165,prohibited
4166,project
4167,projected
4168,projection
4169,projector
4170,projectors
4171,projects
4172,prominent
4173,promise
4174,promised
4175,promises
4176,promising
4177,promo
4178,promote
4179,promoted
4180,promotes
4181,promoting
4182,promotion
4183,promotional
4184,promotions
4185,prompt
4186,promptly
4187,proof
4188,propecia
4189,proper
4190,properly
4191,properties
4192,property
4193,prophet
4194,proportion
4195,proposal
4196,proposals
4197,propose
4198,proposed
4199,proposition
4200,proprietary
4201,pros
4202,prospect
4203,prospective
4204,prospects
4205,prostate
4206,prostores
4207,prot
4208,protect
4209,protected
4210,protecting
4211,protection
4212,protective
4213,protein
4214,proteins
4215,protest
4216,protocol
4217,protocols
4218,prototype
4219,proud
4220,proudly
4221,prove
4222,proved
4223,proven
4224,provide
4225,provided
4226,providence
4227,provider
4228,providers
4229,provides
4230,providing
4231,province
4232,provinces
4233,provincial
4234,provision
4235,provisions
4236,proxy
4237,prozac
4238,psychiatry
4239,psychological
4240,psychology
4241,public
4242,publication
4243,publications
4244,publicity
4245,publicly
4246,publish
4247,published
4248,publisher
4249,publishers
4250,publishing
4251,pubmed
4252,pubs
4253,puerto
4254,pull
4255,pulled
4256,pulling
4257,pulse
4258,pump
4259,pumps
4260,punch
4261,punishment
4262,punk
4263,pupils
4264,puppy
4265,purchase
4266,purchased
4267,purchases
4268,purchasing
4269,pure
4270,purple
4271,purpose
4272,purposes
4273,purse
4274,pursuant
4275,pursue
4276,pursuit
4277,push
4278,pushed
4279,pushing
4280,pussy
4281,puts
4282,putting
4283,puzzle
4284,puzzles
4285,python
4286,qatar
4287,quad
4288,qualification
4289,qualifications
4290,qualified
4291,qualify
4292,qualifying
4293,qualities
4294,quality
4295,quantitative
4296,quantities
4297,quantity
4298,quantum
4299,quarter
4300,quarterly
4301,quarters
4302,quebec
4303,queen
4304,queens
4305,queensland
4306,queries
4307,query
4308,quest
4309,question
4310,questionnaire
4311,questions
4312,queue
4313,quick
4314,quickly
4315,quiet
4316,quilt
4317,quit
4318,quite
4319,quiz
4320,quizzes
4321,quotations
4322,quote
4323,quoted
4324,quotes
4325,rabbit
4326,race
4327,races
4328,rachel
4329,racial
4330,racing
4331,rack
4332,racks
4333,radar
4334,radiation
4335,radical
4336,radio
4337,radios
4338,radius
4339,rage
4340,raid
4341,rail
4342,railroad
4343,railway
4344,rain
4345,rainbow
4346,raise
4347,raised
4348,raises
4349,raising
4350,raleigh
4351,rally
4352,ralph
4353,ranch
4354,rand
4355,random
4356,randy
4357,range
4358,ranger
4359,rangers
4360,ranges
4361,ranging
4362,rank
4363,ranked
4364,ranking
4365,rankings
4366,ranks
4367,rape
4368,rapid
4369,rapidly
4370,rapids
4371,rare
4372,rarely
4373,rate
4374,rated
4375,rates
4376,rather
4377,rating
4378,ratings
4379,ratio
4380,rational
4381,ratios
4382,rats
4383,raymond
4384,rays
4385,reach
4386,reached
0,gnu
4,version
8,software
10,inc
12,fsf
13,org
17,and
19,verbatim
21,this
24,but
25,changing
26,not
27,allowed
28,preamble
29,the
35,copyleft
37,for
42,works
52,are
54,take
55,away
56,your
58,share
60,change
76,all
77,versions
80,sure
81,remains
86,its
87,users
92,use
100,our
102,applies
103,also
104,any
106,work
107,released
109,way
111,authors
112,you
113,can
114,apply
117,too
118,when
119,speak
123,referring
135,that
145,charge
147,them
149,wish
152,receive
153,source
154,code
156,get
158,want
167,new
176,these
177,things
180,rights
185,denying
189,asking
191,surrender
194,therefore
197,certain
198,responsibilities
207,respect
216,such
218,whether
221,fee
226,recipients
228,same
229,freedoms
232,received
238,they
249,show
252,terms
255,their
262,gpl
266,with
267,two
268,steps
269,assert
294,clearly
297,there
298,warranty
304,both
308,sake
311,requires
315,marked
316,changed
320,will
322,attributed
323,erroneously
327,some
333,access
335,run
342,although
344,manufacturer
347,fundamentally
348,incompatible
351,aim
359,systematic
362,abuse
365,area
370,which
372,where
374,unacceptable
382,prohibit
386,those
390,arise
391,substantially
394,stand
395,ready
413,threatened
414,constantly
417,states
418,should
420,allow
422,restrict
429,computers
434,avoid
436,special
440,applied
451,assures
454,cannot
455,used
456,render
459,non
465,conditions
478,refers
497,semiconductor
498,masks
503,copyrightable
505,licensed
506,under
510,licensee
511,addressed
513,licensees
516,may
524,adapt
530,requiring
534,than
536,making
540,resulting
542,called
549,based
558,unmodified
564,propagate
567,anything
570,without
572,would
576,secondarily
581,applicable
583,law
585,executing
586,computer
587,modifying
590,propagation
598,available
605,activities
606,well
607,convey
611,kind
623,user
624,through
628,transfer
631,conveying
636,appropriate
645,prominently
646,visible
654,tells
667,warranties
680,how
681,view
690,commands
725,standard
734,recognized
735,standards
736,body
738,case
740,specified
744,language
745,one
747,widely
749,among
751,working
755,system
757,executable
765,whole
773,component
782,serves
813,window
817,specific
825,runs
826,compiler
833,interpreter
865,scripts
879,tools
906,associated
918,shared
921,dynamically
923,subprograms
927,specifically
929,require
933,communication
936,between
954,regenerate
955,automatically
973,basic
985,term
991,irrevocable
994,stated
997,met
1001,affirms
1003,unlimited
1012,running
1024,constitutes
1029,acknowledges
1053,long
1067,sole
1087,comply
1103,thus
1114,behalf
1133,relationship
1140,circumstances
1142,solely
1147,below
1148,sublicensing
1151,section
1153,unnecessary
1159,anti
1160,circumvention
1164,shall
1168,technological
1174,fulfilling
1177,article
1179,wipo
1181,treaty
1182,adopted
1184,similar
1186,prohibiting
1187,restricting
1197,waive
1201,forbid
1209,effected
1210,exercising
1222,disclaim
1225,limit
1231,enforcing
1232,against
1237,third
1264,conspicuously
1266,appropriately
1273,keep
1274,intact
1277,stating
1284,permissive
1286,added
1287,accord
1298,absence
1308,along
1328,support
1369,carry
1378,relevant
1399,requirement
1400,modifies
1418,anyone
1419,who
1420,comes
1421,into
1434,additional
1444,regardless
1448,packaged
1462,invalidate
1467,separately
1471,has
1499,compilation
1504,separate
1521,combined
1527,volume
1528,storage
1532,aggregate
1550,beyond
1551,what
1562,cause
1586,sections
1595,readable
1605,ways
1610,embodied
1617,accompanied
1625,customarily
1629,interchange
1642,written
1644,valid
1646,least
1647,three
1648,years
1655,spare
1666,possesses
1698,reasonable
1712,server
1730,alternative
1735,noncommercially
1748,subsection
1810,supports
1816,maintain
1817,clear
1823,saying
1837,remain
1838,obligated
1845,satisfy
1847,requirements
1852,using
1855,transmission
1871,being
1879,separable
1884,whose
1905,consumer
1910,tangible
1923,sold
1925,incorporation
1927,dwelling
1933,doubtful
1934,cases
1936,resolved
1948,typical
1949,common
1952,class
1956,status
1966,actually
1967,uses
1981,substantial
1982,commercial
1987,unless
1990,represent
1993,significant
2007,authorization
2011,required
2031,suffice
2042,prevented
2043,interfered
2046,because
2049,been
2070,transaction
2073,right
2080,transferred
2082,recipient
2083,perpetuity
2091,characterized
2095,conveyed
2112,nor
2116,retains
2118,ability
2133,rom
2146,service
2148,updates
2175,materially
2177,adversely
2178,affects
2183,violates
2185,rules
2190,across
2223,key
2225,unpacking
2226,reading
2235,supplement
2256,treated
2257,though
2259,were
2292,governed
2296,regard
2310,remove
2326,own
2327,removal
2354,notwithstanding
2363,add
2368,authorized
2381,disclaiming
2399,author
2400,attributions
2409,containing
2411,misrepresentation
2437,licensors
2441,declining
2445,trademark
2450,trade
2452,trademarks
2456,indemnification
2464,conveys
2470,contractual
2471,assumptions
2495,considered
2497,restrictions
2498,within
2508,contains
2520,restriction
2533,relicensing
2557,survive
2577,statement
2607,above
2612,termination
2621,expressly
2627,attempt
2631,void
2635,terminate
2653,cease
2655,violation
2658,then
2665,reinstated
2666,provisionally
2669,until
2676,terminates
2680,permanently
2694,after
2696,cessation
2709,notifies
2719,time
2743,receipt
2772,terminated
2789,acceptance
2799,accept
2808,ancillary
2814,consequence
2841,actions
2842,infringe
2851,propagating
2860,automatic
2862,downstream
2873,receives
2885,subject
2891,responsible
2894,compliance
2903,transferring
2908,assets
2910,subdividing
2912,merging
2917,results
2932,whatever
2938,predecessor
2940,had
2979,affirmed
2991,royalty
3005,initiate
3006,litigation
3009,claim
3010,counterclaim
3012,alleging
3017,infringed
3020,selling
3023,sale
3024,importing
3034,authorizes
3058,claims
3068,already
3069,acquired
3070,hereafter
3110,sublicenses
3112,consistent
3124,worldwide
3137,sell
3161,agreement
3162,commitment
3164,denominated
3166,enforce
3173,covenant
3175,sue
3199,knowingly
3200,relying
3228,readily
3229,accessible
3240,arrange
3241,deprive
3242,yourself
3244,benefit
3271,actual
3296,identifiable
3303,reason
3304,believe
3308,connection
3310,single
3312,arrangement
3316,procuring
3317,conveyance
3327,receiving
3331,authorizing
3360,discriminatory
3366,scope
3369,prohibits
3372,conditioned
3402,business
3403,distributing
3417,activity
3462,compilations
3464,contain
3477,was
3485,construed
3492,defenses
3516,contradict
3536,simultaneously
3545,pertinent
3557,agree
3560,obligate
3562,collect
3569,whom
3587,refrain
3597,affero
3610,link
3611,combine
3659,concerning
3666,combination
3668,revised
3695,spirit
3703,address
3706,concerns
3710,distinguishing
3715,specifies
3718,numbered
3754,specify
3764,choose
3823,result
3825,choosing
3845,writing
3865,limited
3869,merchantability
3877,risk
3890,defective
3892,assume
3897,servicing
3898,repair
3907,agreed
3932,incidental
3933,consequential
3935,arising
3936,out
3939,inability
3951,rendered
3952,inaccurate
3953,losses
3954,sustained
3973,advised
3994,according
3997,reviewing
4005,closely
4006,approximates
4007,absolute
4008,waiver
4010,civil
4018,assumption
4020,accompanies
4024,return
4027,end
4052,best
4054,achieve
4062,redistribute
4068,attach
4074,safest
4078,start
4084,state
4111,brief
4116,year
4157,useful
4172,see
4198,www
4206,contact
4215,terminal
4219,short
4224,starts
4236,absolutely
4240,type
4248,welcome
4279,gui
4284,about
4285,box
4295,school
4297,sign
4330,incorporating
4338,subroutine
4342,consider
4348,applications
4359,lesser
4369,read
4375,why
4377,lgpl
4379,disputatio
4380,pro
4381,declaratione
4382,virtutis
4383,indulgentiarum
4387,luthers
4388,werke
4389,kritische
4390,gesammtausgabe
4391,band
4392,weimar
4393,hermann
4394,boehlau
4395,amore
4396,studio
4397,elucidande
4398,veritatis
4399,hec
4400,subscripta
4401,disputabuntur
4402,wittenberge
4403,presidente
4404,martino
4405,lutther
4406,artium
4407,theologie
4408,magistro
4409,eiusdemque
4410,ibidem
4411,lectore
4412,ordinario
4413,quare
4414,petit
4415,qui
4417,possunt
4418,verbis
4419,presentes
4420,nobiscum
4421,disceptare
4422,agant
4423,literis
4424,absentes
4425,nomine
4426,domini
4427,nostri
4428,hiesu
4429,christi
4430,amen
4431,dominus
4432,magister
4433,noster
4434,iesus
4435,christus
4436,dicendo
4437,penitentiam
4438,agite
4439,omnem
4440,vitam
4441,fidelium
4443,esse
4444,voluit
4445,quod
4446,verbum
4447,penitentia
4448,sacramentali
4449,est
4450,confessionis
4451,satisfactionis
4452,que
4453,sacerdotum
4454,ministerio
4455,celebratur
4457,potest
4458,intelligi
4460,tamen
4461,solam
4462,intendit
4463,interiorem
4464,immo
4466,nulla
4468,nisi
4469,foris
4470,operetur
4471,varias
4472,carnis
4473,mortificationes
4474,manet
4475,itaque
4476,pena
4477,donec
4479,odium
4480,sui
4483,vera
4484,intus
4485,scilicet
4486,usque
4487,introitum
4488,regni
4489,celorum
4490,papa
4492,vult
4493,nec
4495,ullas
4496,penas
4497,remittere
4498,preter
4499,eas
4500,quas
4501,arbitrio
4502,vel
4503,suo
4505,canonum
4506,imposuit
4511,ullam
4512,culpam
4514,declarando
4515,approbando
4516,remissam
4517,deo
4518,aut
4519,certe
4520,remittendo
4521,casus
4522,reservatos
4523,sibi
4524,quibus
4525,contemptis
4526,culpa
4527,prorsus
4528,remaneret
4529,nulli
4530,prorus
4531,remittit
4532,deus
4534,quin
4535,simul
4536,eum
4537,subiiciat
4538,humiliatum
4539,omnibus
4540,sacerdoti
4542,vicario
4543,canones
4544,penitentiales
4545,solum
4546,viventibus
4547,sunt
4548,impositi
4549,nihilque
4550,morituris
4551,secundum
4552,eosdem
4553,debet
4554,imponi
4555,inde
4556,bene
4557,nobis
4558,facit
4559,spiritussanctus
4561,excipiendo
4562,suis
4563,decretis
4564,semper
4565,articulum
4566,mortis
4567,necessitatis
4568,indocte
4570,faciunt
4571,sacerdotes
4574,penitentias
4575,canonicas
4576,purgatorium
4577,reservant
4578,zizania
4579,illa
4580,mutanda
4582,canonica
4583,penam
4584,purgatorii
4585,videntur
4587,dormientibus
4588,episcopis
4589,seminata
4590,olim
4591,pene
4592,canonice
4595,sed
4596,ante
4597,absolutionem
4598,imponebantur
4599,tanquam
4600,tentamenta
4601,vere
4602,contritionis
4603,morituri
4604,per
4605,mortem
4606,omnia
4607,solvunt
4608,legibus
4610,mortui
4611,iam
4613,habentes
4614,iure
4615,earum
4616,relaxationem
4617,imperfecta
4618,sanitas
4619,seu
4620,charitas
4622,necessario
4623,secum
4624,fert
4625,magnum
4626,timorem
4627,tantoque
4628,maiorem
4629,quanto
4631,fuerit
4632,ipsa
4633,hic
4634,timor
4636,satis
4638,solo
4639,alia
4640,taceam
4641,facere
4644,cum
4645,sit
4646,proximus
4647,desperationis
4648,horrori
4650,infernus
4651,purgaturium
4652,celum
4653,differre
4654,sicut
4655,desperatio
4656,prope
4658,securitas
4659,differunt
4660,necessarium
4661,videtur
4662,animabus
4663,purgatorio
4665,minni
4666,horrorem
4667,ita
4668,augeri
4669,charitatem
4671,probatum
4673,ullis
4675,rationibus
4677,scripturis
4679,sint
4681,statum
4682,meriti
4684,augende
4685,charitatis
4687,hoc
4693,sua
4694,beatitudine
4696,secure
4697,saltem
4698,omnes
4699,licet
4700,nos
4701,certissimi
4702,simus
4703,igitur
4706,remissionem
4707,plenariam
4708,omnium
4709,penarum
4711,simpliciter
4713,intelligit
4715,seipso
4716,tantummodo
4717,impositarum
4718,errant
4721,predicatores
4723,dicunt
4725,pape
4726,indulgentias
4727,hominem
4728,omni
4730,solvi
4731,salvari
4733,nullam
4737,quam
4738,hac
4739,vita
4740,debuissent
4743,solvere
4744,remissio
4745,ulla
4747,omnino
4750,alicui
4751,dari
4752,certum
4754,eam
4757,perfectissimis
4758,paucissimis
4760,falli
4761,necesse
4764,partem
4765,populi
4767,indifferentem
4768,illam
4769,magnificam
4771,solute
4772,promissionem
4773,qualem
4774,potestatem
4775,habet
4778,generaliter
4779,talem
4781,quilibet
4782,episcopus
4783,curatus
4785,diocesi
4786,parochia
4787,specialiter
4788,optime
4793,potestate
4794,clavis
4800,modum
4801,suffragii
4802,dat
4806,predicant
4808,statim
4809,iactus
4810,nummus
4811,cistam
4812,tinnierit
4813,evolare
4815,animam
4818,nummo
4820,tinniente
4822,questum
4823,avariciam
4824,posse
4825,suffragium
4826,autem
4827,ecclesie
4830,dei
4831,solius
4832,quis
4833,scit
4835,anime
4837,velint
4838,redimi
4840,severino
4841,paschali
4842,factum
4843,narratur
4844,nullus
4845,securus
4847,veritate
4850,multominus
4851,consecutione
4852,plenarie
4853,remissionis
4855,rarus
4858,penitens
4859,tam
4864,redimens
4865,rarissimus
4866,damnabuntur
4867,ineternum
4870,magistris
4873,literas
4874,veniarum
4875,securos
4876,sese
4877,credunt
4879,salute
4880,cavendi
4882,nimis
4885,venias
4886,illas
4888,donum
4890,illud
4892,inestimabile
4893,quo
4894,reconciliatur
4895,homo
4897,gratie
4898,enim
4899,ille
4900,veniales
4901,tantum
4902,respiciunt
4905,sacramentalis
4906,homine
4907,constitutas
4909,christiana
4912,docent
4914,redempturis
4915,animas
4917,confessionalia
4920,necessaria
4921,contritio
4923,christianus
4925,compunctus
4931,etiam
4932,sine
4936,debitam
4938,versus
4940,sive
4941,vivus
4943,mortuus
4945,participationem
4947,bonorum
4956,datam
4959,participatio
4961,nullo
4962,modo
4964,contemnenda
4965,quia
4966,dixi
4968,declaratio
4971,difficillimum
4974,doctissimis
4975,theologis
4977,extollere
4979,largitatem
4981,veritatem
4982,coram
4983,populo
4985,veritas
4987,querit
4988,amat
4991,largitas
4992,relaxat
4993,odisse
4996,occasione
4997,caute
4999,venie
5000,apostolice
5001,predicande
5002,populus
5004,intelligat
5006,preferri
5007,ceteris
5008,bonis
5009,operibus
5011,docendi
5013,christiani
5019,redemptionem
5022,parte
5023,comparandam
5026,misericordie
5032,pauperi
5034,mutuans
5035,egenti
5036,melius
5040,redimereet
5043,opus
5045,crescit
5047,fit
5049,melior
5059,liberior
5065,videt
5066,egenum
5067,neglecto
5070,veniis
5072,idulgentias
5075,indignationem
5078,vendicat
5084,superfluis
5085,abundent
5087,tenentur
5088,domui
5090,retinere
5091,nequaquam
5092,propter
5094,effundere
5099,redemptio
5102,libera
5104,precepta
5111,magis
5112,eget
5115,optat
5117,dandis
5119,devotam
5120,orationem
5122,promptam
5123,pecuniam
5131,utiles
5133,cas
5134,confidant
5136,nocentissime
5141,amittant
5147,nosset
5148,exactiones
5149,venialium
5150,predicatorum
5151,mallet
5152,basilicam
5153,petri
5154,cineres
5155,ire
5157,edificari
5159,carne
5160,ossibus
5161,ovium
5162,suarum
5171,vellet
5173,vendita
5179,pecuniis
5181,illis
5182,quorum
5183,plurimis
5184,quidam
5185,concionatores
5188,eliciunt
5189,vana
5191,fiducia
5192,salutis
5197,commissarius
5200,ipse
5201,suam
5205,impigneraret
5206,hostes
5213,predicandas
5216,aliis
5217,ecclesiis
5218,penitus
5219,silere
5220,iubent
5221,iniuria
5223,verbo
5225,dum
5226,eodem
5227,sermone
5228,equale
5230,longius
5231,tempus
5232,impenditur
5235,illi
5245,una
5246,campana
5247,unis
5248,pompis
5249,ceremoniis
5250,celebrantur
5251,euangelium
5255,centum
5256,campanis
5261,predicetur
5262,thesauri
5264,unde
5268,neque
5270,nominati
5273,cogniti
5274,apud
5275,populum
5277,temporales
5281,patet
5285,facile
5286,eos
5287,profundunt
5290,colligunt
5292,concionatorum
5295,merita
5297,sanctorum
5303,operantur
5304,gratiam
5305,hominis
5306,interioris
5307,crucem
5309,infernumque
5310,exterioris
5311,thesauros
5313,laurentius
5314,dixit
5316,pauperes
5319,locutus
5321,usu
5322,vocabuli
5324,tempore
5326,temeritate
5327,dicimus
5328,claves
5330,merito
5332,donatas
5334,thesaurum
5335,istum
5336,clarum
5342,casuum
5343,sola
5344,sufficit
5345,potestas
5347,verus
5348,thesaurus
5351,sacrosanctum
5353,glorie
5360,odiosissimus
5362,primis
5364,novissimos
5370,gratissimus
5372,novissimis
5374,primos
5377,euangelici
5378,rhetia
5382,piscabantur
5383,viros
5384,divitiarum
5390,nunc
5391,piscantur
5392,divitias
5393,virorum
5394,indulgentie
5397,vociferantur
5398,maximas
5399,gratias
5400,intelliguntur
5402,tales
5403,quoad
5405,promovendum
5409,minime
5412,crucis
5413,pietatem
5414,comparate
5416,episcopi
5417,curati
5419,apostolicarum
5420,commissarios
5423,reverentia
5424,admittere
5429,oculis
5430,intendere
5432,auribus
5433,advertere
5435,commissione
5439,somnia
5440,predicent
5441,contra
5446,loquitur
5449,anathema
5450,maledictus
5452,vero
5454,libidinem
5455,licentiam
5456,verborum
5457,concionatoris
5459,curam
5460,agit
5463,benedictus
5466,iuste
5467,fulminat
5470,fraudem
5471,negocii
5473,quacunque
5474,arte
5475,machinantur
5476,multomagnis
5477,fulminare
5483,pretextum
5485,sancte
5489,opinari
5491,papales
5492,tantas
5495,possint
5500,impossibile
5502,genitricem
5503,violasset
5505,insanire
5514,peccatorum
5515,tollere
5520,dicitur
5522,petrus
5525,esset
5526,maiores
5528,donare
5529,posset
5531,blasphemia
5532,sanctum
5533,petrum
5534,papam
5539,iste
5546,virtutes
5548,curationum
5549,xii
5550,dicere
5552,armis
5553,papalibus
5554,insigniter
5555,erectam
5556,cruci
5558,equivalere
5561,rationem
5562,reddent
5565,theologi
5568,sermones
5570,licere
5571,sinunt
5574,licentiosa
5576,predicatio
5578,reverentiam
5583,doctis
5584,viris
5585,redimere
5586,calumniis
5589,argutis
5590,questionibus
5591,laicorm
5593,cur
5596,evacuat
5599,sanctissimam
5601,summam
5602,animarum
5603,necessitatem
5604,causam
5606,iustissimam
5607,infinitas
5609,redimit
5612,funestissimam
5613,structuram
5614,basilice
5616,levissimam
5620,exequie
5621,anniversaria
5622,defunctorum
5624,reddit
5626,recipi
5627,permittit
5628,beneficia
5631,instituta
5637,redemptis
5638,orare
5643,pietas
5647,impio
5648,inimico
5651,concedunt
5653,piam
5654,amicam
5660,ipsius
5662,pie
5663,dilecte
5666,redimunt
5668,gratuita
5669,charitate
5678,diu
5679,semet
5680,abrogati
5682,adhuc
5685,redimuntur
5687,concessionem
5690,vivacissimi
5694,cuius
5695,opes
5696,hodie
5698,opulentissimis
5699,crassis
5700,crassiores
5706,pauperum
5708,struit
5709,unam
5712,sancti
5715,quid
5718,participat
5720,iis
5723,contritionem
5724,perfectam
5725,ius
5726,habent
5729,participationis
5732,adderetur
5734,boni
5735,maioris
5738,semel
5741,centies
5742,die
5743,cuilibet
5746,remissiones
5747,participationes
5748,tribueret
5751,salutem
5758,pecunias
5760,suspendit
5765,concessas
5768,eque
5769,efficaces
5771,scrupulosissima
5772,laicorum
5773,argumenta
5776,compescere
5778,reddita
5779,ratione
5780,diluere
5782,ecclesiam
5784,hostibus
5785,ridendos
5786,exponere
5787,infelices
5788,christianos
5790,ergo
5793,spiritum
5794,mentem
5796,predicarentur
5800,solverentur
5803,essent
5804,valeant
5808,prophete
5813,pax
5827,crux
5832,exhortandi
5835,caput
5836,suum
5837,christum
5840,mortes
5841,infernosque
5842,sequi
5843,studeant
5844,sic
5847,multas
5848,tribulationes
5849,intrare
5853,securitatem
5854,pacis
5856,xvii
5858,text
5861,ascii
5865,wittenberg
5866,rev
5867,robert
5868,smith
5884,comments
5885,suggestions
5890,walther
5892,concordia
5893,theological
5894,seminary
5896,smithre
5898,ctsfw
5899,edu
5900,surface
5902,clinton
5903,wayne
5904,usa
5906,fax
5908,pub
5909,resources
5913,ninetyfive
5915,txt
5918,washington
5921,release
5923,seeks
5926,pluto
5929,restructure
5934,announced
5935,today
5938,agency
5939,seeking
5946,around
5948,world
5955,announcement
5963,space
5964,science
5966,solicited
5973,jupiter
5974,saturn
5975,uranus
5976,neptune
5979,selected
5980,competitive
5981,basis
5990,lower
5999,scientific
6000,spacecraft
6004,due
6008,competition
6010,worked
6023,approach
6031,thinkers
6038,able
6043,before
6044,said
6045,weiler
6046,associate
6047,administrator
6065,successfully
6066,fly
6073,few
6078,calls
6080,many
6083,community
6093,think
6095,try
6112,colleen
6113,hartman
6119,research
6142,budget
6149,solicit
6155,unacceptably
6156,large
6161,kuiper
6163,pke
6165,led
6168,stop
6172,sept
6174,jet
6175,propulsion
6176,laboratory
6177,jpl
6178,pasadena
6185,week
6192,europa
6193,orbiter
6211,complete
6215,charon
6220,belt
6223,expendable
6225,vehicle
6229,bus
6231,systems
6239,review
6242,select
6246,top
6251,study
6254,downselect
6256,winning
6258,august
6272,cap
6281,sponsoring
6285,day
6286,workshop
6288,scientists
6290,technologists
6294,academia
6296,centers
6301,sector
6318,consideration
6319,various
6320,concepts
6326,strategy
6338,technical
6339,soundness
6340,timeliness
6357,solar
6367,smaller
6368,icy
6369,bodies
6373,vast
6374,region
6376,encircling
6378,sun
6387,composition
6392,thin
6393,atmosphere
6411,beneath
6414,crust
6415,recent
6419,galileo
6421,suggest
6424,water
6427,ice
6453,location
6456,signs
6457,life
6467,dec
6469,spacescience
6471,gov
6473,htm
6477,eastlake
6478,request
6485,category
6487,track
6491,dns
6493,insensitivity
6494,clarification
6501,internet
6510,requests
6517,refer
6526,std
6529,standardization
6544,society
6545,abstract
6553,insensitive
6564,specification
6570,rfcs
6572,table
6578,labels
6579,escaping
6580,unusual
6583,octets
6587,escapes
6589,lookup
6591,types
6603,considerations
6620,internationalized
6623,security
6625,acknowledgements
6626,normative
6627,references
6634,rfc
6648,hierarchical
6649,replicated
6655,addressing
6665,tree
6668,consisting
6669,zero
6683,clarifies
6700,words
6711,recommended
6718,interpreted
6729,era
6744,halves
6752,addr
6753,arpa
6761,foo
6763,net
6764,aol
6765,com
6768,mit
6773,varied
6774,alternatives
6800,consist
6806,character
6807,codes
6810,bit
6811,bytes
6814,values
6820,interpret
6823,characters
6837,writable
6839,contexts
6844,byte
6845,value
6850,octet
6858,say
6870,xff
6882,typographic
6888,correspond
6893,back
6894,slash
6900,unsigned
6902,represented
6906,digits
6940,separator
6946,advisable
6949,backslash
6969,undefined
6994,second
7013,shows
7015,spaces
7032,bits
7062,comparisons
7075,string
7084,uppercase
7103,lowercase
7115,similarly
7139,invented
7141,movable
7146,referred
7150,trays
7152,storing
7153,partitioned
7154,areas
7168,majuscule
7170,minuscule
7185,rule
7187,subtract
7196,comparing
7200,commonly
7201,known
7206,via
7224,iso
7230,xdd
7232,xfd
7243,upper
7249,acute
7250,accent
7259,wire
7260,encoded
7285,compression
7304,reserved
7310,root
7330,arbitrary
7337,replaced
7375,far
7377,binary
7381,now
7398,appearing
7400,invoked
7414,axis
7446,recursive
7448,resolver
7452,classes
7455,unknown
7462,uniform
7468,become
7472,allocate
7476,sensitive
7502,while
7510,says
7513,preserved
7526,appear
7527,since
7536,optimized
7548,views
7558,marshaled
7559,taking
7567,converting
7568,typographically
7572,walking
7575,outputting
7593,sequence
7613,preserving
7627,answer
7636,qname
7640,remainder
7648,comparison
7676,came
7683,zone
7687,update
7689,incremental
7691,transfers
7741,situation
7743,complex
7744,implementations
7747,retain
7758,override
7760,old
7777,bar
7788,xyz
7808,stored
7812,retrieval
7827,returned
7847,capitalizations
7849,last
7861,unlikely
7868,tends
7875,tail
7884,rrs
7894,completeness
7896,set
7911,inputting
7914,records
7918,differing
7923,record
7926,resource
7967,retained
7981,capitalization
7983,retrieve
8011,inconsistent
8016,unpredictable
8022,scheme
8041,unicode
8045,application
8047,transformation
8073,varies
8076,script
8089,seen
8098,standardized
8103,equivalence
8111,clarified
8115,lead
8122,confused
8123,believing
8161,authentication
8167,usually
8171,canonical
8189,always
8200,pre
8201,chosen
8219,appears
8236,expectation
8258,store
8265,differed
8271,unexpected
8290,left
8314,rob
8315,austein
8316,olafur
8317,gudmundsson
8319,anderson
8320,alan
8321,barrett
8322,marc
8323,blanchet
8325,andreas
8326,gustafsson
8327,andrew
8329,thomas
8330,narten
8332,scott
8333,seligman
8335,gratefully
8336,acknowledged
8340,ansi
8347,american
8352,york
8354,ohta
8362,bradner
8371,bcp
8375,vixie
8376,thomson
8377,rekhter
8379,bound
8389,april
8391,elz
8393,bush
8394,clarifications
8401,wellington
8430,september
8432,arends
8434,larson
8435,massey
8437,rose
8448,mockapetris
8475,encodings
8487,everhart
8488,mamakos
8489,ullmann
8498,postel
8502,structure
8510,panitz
8521,brunner
8522,williams
8524,manning
8529,iana
8540,edns
8555,manros
8558,etymology
8564,durand
8565,fink
8568,hain
8569,representing
8573,ipv
8574,addresses
8593,hoffman
8598,strings
8599,stringprep
8603,faltstrom
8606,costello
8607,internationalizing
8611,idna
8618,nameprep
8625,idn
8630,punycode
8631,bootstring
8645,consortium
8663,beaver
8664,street
8665,milford
8698,contained
8704,therein
8726,she
8727,represents
8728,sponsored
8737,task
8772,ietf
8773,takes
8775,regarding
8777,validity
8787,claimed
8788,pertain
8793,technology
8836,ipr
8837,disclosures
8841,secretariat
8844,assurances
8862,implementers
8873,repository
8881,invites
8885,bring
8887,attention
8916,acknowledgement
8926,administrative
8929,iasa
1,action
2,advance
3,afraid
5,airplane
6,almost
7,alone
11,amount
12,anger
13,angry
14,animal
15,another
18,apple
20,arrive
23,banker
24,basket
25,battle
26,beauty
27,became
31,begin
32,behind
35,belong
36,beside
37,better
40,bicycle
41,board
42,borrow
43,bottle
44,bottom
45,branch
46,bread
47,bridge
48,bright
50,broad
51,broken
52,brought
53,brown
54,building
55,built
57,butter
58,captain
60,catch
61,caught
62,century
63,chair
64,chance
67,chief
68,childhood
69,children
71,cigarette
72,circle
74,clean
76,close
77,clothes
78,college
79,company
81,condition
116,eearly
142,flier
149,fortieth
163,goodbye
164,govern
183,journey
190,laugh
191,laughter
197,listen
201,market
214,mister
227,niece
234,oclock
239,orderly
260,probable
272,realize
276,remember
277,report
281,ridden
283,river
284,round
285,safety
287,season
290,settle
291,severa
292,several
293,shake
295,shore
298,shoulder
299,shout
300,silver
301,simple
303,sister
304,smell
305,smoke
306,soldier
310,spent
311,spread
312,spring
313,square
314,station
315,still
317,storm
318,straight
319,strange
320,stranger
321,stream
323,strength
324,strike
325,strong
326,student
328,succeed
329,success
330,sudden
331,suffer
332,summer
333,supply
334,suppose
335,surprise
336,sweet
339,thick
344,thought
346,thrown
347,together
348,toward
350,train
351,training
352,travel
353,trouble
354,trust
355,twelve
356,twenty
357,understand
358,understood
360,valley
363,wagon
365,weather
367,wheat
370,white
373,winter
376,woman
377,women
378,wonder
379,worth
381,write
383,yellow
0,is
12,learn
14,come
16,thank
34,tend
47,build
51,seem
57,solve
65,reduce
71,lose
72,afford
79,recommend
80,rely
81,vary
85,communicate
86,complain
93,appreciate
94,compare
101,react
102,recognize
103,relax
104,replace
107,emphasize
110,reflect
111,send
112,anticipate
120,introduce
121,relate
124,assure
125,attract
128,owe
131,throw
132,acquire
134,adjust
135,argue
137,confirm
144,relieve
146,shut
147,calculate
148,compete
149,consult
153,negotiate
155,retire
156,rid
157,weigh
160,behave
161,celebrate
162,convince
166,imply
167,insist
169,remaining
171,warn
172,accuse
173,admire
174,admit
175,adopt
176,announce
177,apologize
178,approve
179,attend
181,commit
182,criticize
185,hesitate
186,illustrate
189,persuade
192,remind
194,submit
196,translate
197,be
203,go
212,put
216,cut
219,check
220,call
222,pay
223,let
225,turn
226,ask
227,buy
241,search
242,spend
243,talk
244,upset
245,tell
253,reserve
256,rest
257,serve
258,watch
260,break
261,stay
262,visit
263,affect
266,rise
267,walk
269,lift
270,mix
272,teach
273,concern
275,born
277,save
282,worry
290,ride
293,wait
296,hit
297,shoot
298,touch
299,cancel
300,cry
304,conflict
306,eat
312,treat
314,beat
315,burn
319,sleep
321,connect
325,fix
330,tap
331,win
332,attack
338,wear
343,impress
344,repeat
345,seek
346,sing
347,slide
348,strip
352,command
353,dig
359,survey
360,tie
362,expose
366,scratch
371,lay
372,respond
373,split
374,strain
375,struggle
376,swim
378,wash
379,waste
388,recover
389,resolve
390,roll
391,sink
392,slip
393,suspect
394,swing
395,twist
396,concentrate
399,refuse
400,regret
401,reveal
402,rush
404,shift
405,shine
406,steal
407,suck
408,surround
409,bear
412,hurry
415,marry
416,pop
418,pretend
421,reply
422,resist
423,rip
424,rub
425,smile
426,spell
427,stretch
428,tear
429,wake
430,wrap
444,air
454,job
455,book
469,size
470,card
475,care
478,word
487,sense
490,web
491,boss
492,sport
495,test
497,sound
500,soil
502,oil
511,site
517,coast
518,age
519,boat
525,cash
527,dry
530,tax
531,involved
532,side
537,man
546,rock
547,act
548,birth
549,dog
551,scale
556,related
557,rent
558,speed
559,style
560,war
561,bank
566,eye
570,stress
571,advantage
578,step
585,room
586,screen
589,account
590,ball
591,concerned
595,balance
597,black
602,shape
603,tool
604,wind
606,average
607,career
609,pot
616,egg
627,star
628,voice
629,challenge
631,warm
632,brush
639,spot
641,taste
642,theme
644,wing
645,brain
646,button
647,click
652,gas
656,wall
657,base
661,staff
662,sugar
663,target
666,complicated
673,reference
674,register
676,sky
677,stage
678,stick
679,title
681,advanced
682,bowl
684,campaign
685,club
688,fan
690,lock
696,skin
697,sort
698,weight
699,baby
706,traffic
707,trip
708,appeal
709,chart
712,log
718,wave
720,bench
721,closed
722,commission
729,stuff
730,ticket
731,tour
732,angle
733,blue
734,breakfast
736,dot
742,juice
749,stable
751,team
752,amazing
753,bat
754,beach
755,blank
756,busy
758,chain
764,kid
768,score
769,screw
770,sex
771,sharp
772,shop
773,shower
774,suit
775,tone
777,wise
779,bath
780,block
781,bone
782,calendar
783,candidate
785,coat
788,cup
797,lecture
798,lie
804,rice
805,schedule
806,telephone
807,tip
808,bag
810,bed
811,bill
812,bother
813,cake
820,gap
831,pause
834,sand
835,sentence
838,stomach
840,surprised
841,towel
842,vacation
843,wheel
844,arm
846,bet
847,blow
848,border
850,breast
851,buddy
852,bunch
853,chip
854,coach
861,habit
862,iron
871,pin
875,salary
876,shame
877,shelter
878,shoe
879,tackle
880,tank
882,assist
883,bake
885,bell
886,bike
887,blame
888,brick
890,closet
891,clue
892,collar
893,comment
894,conference
899,glove
909,reward
910,row
911,sandwich
912,shock
913,spite
914,spray
916,till
917,transition
918,weekend
919,yard
920,alarm
921,bend
923,bite
924,blind
926,cable
927,candle
928,clerk
929,cloud
930,concert
934,grandfather
937,lawyer
938,load
939,loose
946,ruin
947,ship
948,skirt
949,slice
950,snow
951,stroke
952,switch
953,tired
954,trash
955,tune
956,worried
959,award
960,bid
961,boot
962,bug
963,camp
964,candy
965,carpet
966,cat
967,champion
968,channel
969,clock
970,comfort
971,cow
979,guy
981,island
984,leg
985,lip
989,pen
993,resort
994,ring
995,roof
996,rope
997,sail
1000,slight
1001,smart
1002,sock
1004,toe
1005,tower
1006,truck
1007,witness
1011,art
1015,map
1024,thanks
1031,understanding
1032,theory
1034,bird
1045,television
1052,temperature
1053,investment
1057,story
1060,thing
1070,variety
1071,video
1080,analysis
1082,series
1085,boyfriend
1089,army
1090,camera
1094,child
1097,truth
1099,university
1106,audience
1117,teacher
1119,relation
1120,restaurant
1121,satisfaction
1123,signature
1124,significance
1125,song
1126,tooth
1127,town
1130,wife
1131,accident
1132,airport
1133,appointment
1134,arrival
1136,baseball
1137,chapter
1138,committee
1141,enthusiasm
1148,historian
1160,reception
1161,replacement
1162,revolution
1164,son
1165,speech
1166,tea
1167,village
1168,warning
1169,winner
1170,worker
1171,writer
1172,assistance
1173,breath
1174,buyer
1175,chest
1176,chocolate
1177,conclusion
1181,dad
1183,drawer
1192,insect
1195,king
1204,reaction
1206,salad
1208,supermarket
1209,tongue
1210,weakness
1211,wedding
1212,affair
1213,ambition
1214,analyst
1216,assignment
1217,assistant
1218,bathroom
1219,bedroom
1220,beer
1221,birthday
1222,celebration
1223,championship
1224,cheek
1225,client
1230,ear
1236,hat
1248,recognition
1249,reputation
1250,shirt
1251,sir
1252,speaker
1254,surgery
1255,sympathy
1256,tale
1257,throat
1258,trainer
1259,uncle
1260,youth
1311,fat
1330,fun
1359,bad
1377,stock
1384,beginning
1387,chicken
1395,salt
1398,car
1447,choice
1479,capital
1482,self
1483,shot
1515,saving
1558,background
1564,joint
1567,red
1571,vegetable
1583,relative
1586,signal
1600,sea
1601,south
1609,confidence
1629,substance
1631,trick
1632,afternoon
1657,agent
1689,routine
1691,swimming
1695,airline
1732,relief
1739,tourist
1742,west
1744,wine
1746,aside
1753,brother
1764,god
1796,boy
1859,specialist
1868,bitter
10,doub
2,arive
3,upon
5,sunday
7,spoke
8,tried
24,sight
27,taken
28,sick
50,went
55,wrong
64,sorry
73,likr
77,liar
96,tries
97,lrstn
100,tore
109,very
110,weak
126,wednesday
128,stood
142,considerable
156,threw
157,saturday
158,shade
164,small
189,thousand
192,cloth
196,blood
203,color
209,wild
211,began
215,yesterday
232,croud
242,city
247,wedge
267,octover
268,road
269,aunt
270,wore
272,slept
275,tuesday
276,usual
285,cold
288,took
291,lend
301,scene
304,hers
316,broke
317,wrote
325,tall
326,stone
333,again
334,wide
336,compe
337,told
345,slow
346,thirteen
352,shown
356,arms
360,seven
364,tomorrow
382,knew
0,christabelle
1,kimberleigh
2,alexandrina
3,bartholomew
4,christianne
5,christopher
6,sacheverell
7,maximillian
8,alexandria
9,bernadette
10,mariabella
11,willoughby
12,margaretta
13,temperance
14,wilhelmina
15,gwendoline
16,christabel
17,georgeanna
20,christobel
21,alexandrea
22,beauregard
23,richardine
24,rebeccanne
25,jacqueline
26,dulcibella
27,earnestine
29,ermintrude
30,evangelina
31,evangeline
32,meriwether
33,maybelline
34,kristopher
35,maximilian
36,harriette
37,jeannette
38,charlotte
39,kimberlyn
40,catharine
41,josephine
42,cassandra
43,kimberlee
44,gwendolyn
45,kimberley
46,stephanie
47,glanville
48,winnifred
49,katherina
50,catherina
51,antonette
52,magdalene
53,simonette
54,jessamine
55,zechariah
56,sylvester
57,brooklynn
58,catherine
59,madeleine
60,granville
61,stephania
62,genevieve
63,marmaduke
64,silvester
66,katharine
67,magdalena
68,henrietta
69,grosvenor
70,archibald
71,georgiana
72,grenville
73,krystelle
74,alexander
75,alexandra
76,geraldine
77,shaquille
78,zachariah
79,chantelle
80,thomasina
82,ambrosine
83,charmaine
84,britannia
85,annabella
86,annabelle
87,gwenevere
88,celandine
89,bridgette
90,celestine
91,shantelle
92,gabriella
93,gabrielle
94,guendolen
95,christian
96,josceline
97,trevelyan
98,christina
99,christine
100,christmas
101,katheryne
102,harrietta
103,chrysanta
104,seraphina
106,sebastian
107,cleveland
108,sharmaine
109,columbine
110,constance
111,kassandra
112,coriander
113,cornelius
114,creighton
115,rosalynne
116,roosevelt
117,madelaine
118,masterman
119,deforrest
120,raschelle
121,maryvonne
122,jacquelyn
123,jacquetta
124,radclyffe
125,quintella
126,priscilla
127,laurencia
128,pleasance
129,philomena
130,philander
131,gallagher
132,johnathan
133,johnathon
134,peregrine
135,katherine
136,eglantine
137,jaqueline
138,elisabeth
140,elyzabeth
141,nathaniel
142,brittania
143,calanthia
144,ernestine
145,mirabelle
146,millicent
147,esmaralda
148,esmeralda
149,ethelbert
150,ethelinda
151,michelyne
152,bernadine
153,josephina
154,anastacia
155,ferdinand
156,fleurette
157,charnette
158,mackenzie
159,anastasia
160,frederica
162,bertrand
163,kristina
164,thaddeus
165,terrence
166,jeremiah
167,bethanie
168,gloriana
169,burgundy
170,cheyanne
171,cherette
172,terrance
173,madeline
174,shavonne
175,marigold
176,chastity
177,madelina
178,tennyson
179,amethyst
180,beverley
181,sherwood
182,tatyanna
183,tatianna
184,charisma
185,anabella
187,sharlene
188,winthrop
189,kingsley
190,jermaine
191,andriana
192,jessalyn
193,caileigh
194,katheryn
195,marianne
196,angelica
197,angelina
198,cassarah
199,charissa
200,marianna
201,harmonie
202,tallulah
203,anjelica
204,charisse
205,chauncey
206,annabeth
207,calanthe
208,boniface
209,wilfreda
210,sharleen
211,annmarie
212,sherisse
213,symphony
214,harriett
215,bradford
216,catherin
218,whitaker
219,arabella
220,araminta
221,marcelyn
222,sherilyn
223,callahan
224,calleigh
225,callista
226,jessamyn
227,camellia
229,maddison
230,viviette
231,virginia
232,cathleen
233,shaniqua
234,charleen
235,veronica
236,charlene
237,gretchen
238,madoline
239,ashleigh
240,kimberly
241,sheridan
242,malandra
243,sharalyn
244,capricia
245,kiersten
246,katharyn
247,cheyenne
248,griselda
249,cherokee
250,sunshine
251,sullivan
252,charlize
253,shaquila
254,sheenagh
255,kristeen
256,christopherson
257,winterbottom
258,swindlehurst
259,breckenridge
260,middlesworth
261,christianson
262,christophers
263,paternoster
264,outterridge
265,benjaminson
266,cristiansen
267,blackbourne
268,dwerryhouse
269,mottershead
270,witherspoon
271,summerfield
272,brassington
273,stainthorpe
274,chamberlain
275,shakesheave
276,christinsen
278,collingwood
279,cristianson
280,williamson
281,patrickson
282,whittemore
283,atterberry
285,timothyson
287,fairclough
288,bloodworth
290,abrahamson
291,strickland
292,huddleston
293,michaelson
294,merrickson
295,autenberry
296,matthewson
297,cartwright
298,murgatroyd
299,chancellor
300,tollemache
301,winchester
302,auttenberg
303,christison
304,ecclestone
305,timberlake
306,anthonyson
307,christians
308,gabrielson
309,sappington
310,stephenson
311,leonardson
312,herbertson
313,richardson
314,derrickson
315,underwood
316,arthurson
317,fairbairn
318,normanson
319,augustine
320,wilkinson
321,blackburn
322,wilkerson
323,oliverson
324,underhill
325,botwright
326,blackwood
327,ellsworth
328,ainsworth
329,blakeslee
330,andrewson
331,westbrook
332,dickinson
333,josephson
334,nicholson
335,nathanson
336,pickering
337,strudwick
338,georgeson
339,donaldson
340,broadbent
341,millhouse
342,bannerman
343,tittensor
344,stevenson
345,pettigrew
346,thompsett
347,honeycutt
348,honeysett
350,southgate
351,carpenter
352,mathewson
353,pemberton
354,caulfield
355,masterson
356,patterson
357,huddleson
358,sherburne
359,albertson
360,thrussell
362,alfredson
363,walterson
364,wakefield
365,victorson
366,martinson
367,seabrooke
368,eccleston
369,constable
371,haroldson
372,sanderson
373,longstaff
374,harrelson
375,cotterill
376,samuelson
377,sackville
378,cristians
379,fairchild
380,arkwright
381,rupertson
382,royceston
383,rowbottom
