0,1,type
bigviktor,leadfinal-lecture.one,Word-Based
bigviktor,server.setpracticalassistance.observer,Word-Based
bigviktor,add-bestcapital.top,Word-Based
bigviktor,learnsalt-engineering.futbol,Word-Based
bigviktor,smtp.wineasternwhole.futbol,Word-Based
bigviktor,meetspiritualwine.club,Word-Based
bigviktor,live-downtowngold.nl,Word-Based
bigviktor,decidedarkgrocery.realty,Word-Based
bigviktor,lovesensitivepipe.click,Word-Based
bigviktor,writecreativefinger.click,Word-Based
bigviktor,news.runnextupstairs.rocks,Word-Based
bigviktor,showfreshnewspaper.realty,Word-Based
bigviktor,wait-livetough.net,Word-Based
bigviktor,usecoldnormal.in,Word-Based
bigviktor,keepcarefulgift.net,Word-Based
bigviktor,ww1.bringfewadvance.com,Word-Based
bigviktor,leadstrangedoor.com,Word-Based
bigviktor,sittightpressure.rocks,Word-Based
bigviktor,rememberfundraft.art,Word-Based
bigviktor,passvariousexcuse.xyz,Word-Based
bigviktor,loverealisticinterest.pictures,Word-Based
bigviktor,speak-traditionalreflection.top,Word-Based
bigviktor,showhappylaugh.club,Word-Based
bigviktor,meet-openhair.pictures,Word-Based
bigviktor,x.want-illegalcontact.club,Word-Based
bigviktor,passfirmpersonality.com,Word-Based
bigviktor,live-okelection.pictures,Word-Based
bigviktor,lookunlikelymeat.futbol,Word-Based
bigviktor,killfairruin.info,Word-Based
bigviktor,lovewarmchicken.realty,Word-Based
bigviktor,watchloosegrab.com,Word-Based
bigviktor,bbs.createsingleexcuse.link,Word-Based
bigviktor,buildstrangeskin.club,Word-Based
bigviktor,findconscioustheory.org,Word-Based
bigviktor,loselevel-park.click,Word-Based
bigviktor,stopawarestation.club,Word-Based
bigviktor,appear-silverspell.pictures,Word-Based
bigviktor,readbigdeath.com,Word-Based
bigviktor,providesevere-lecture.observer,Word-Based
bigviktor,holdotherwise-aside.club,Word-Based
bigviktor,allowadultlandscape.rocks,Word-Based
bigviktor,turnupstairsguy.org,Word-Based
bigviktor,asknormalisland.xyz,Word-Based
bigviktor,leadformer-stage.pictures,Word-Based
bigviktor,find-livemaintenance.link,Word-Based
bigviktor,createpopulartruck.futbol,Word-Based
bigviktor,ssl.standnovel-fight.in,Word-Based
bigviktor,bringafternoon-tomorrow.art,Word-Based
bigviktor,start-lonelysing.rocks,Word-Based
bigviktor,happensimplekeep.club,Word-Based
bigviktor,tftp.understandroyalchannel.click,Word-Based
bigviktor,speakheadsir.pictures,Word-Based
bigviktor,takehonestitem.top,Word-Based
bigviktor,stand-either-revolution.pictures,Word-Based
bigviktor,raiseshort-technology.tel,Word-Based
bigviktor,includesilver-republic.com,Word-Based
bigviktor,support.writeremotefight.net,Word-Based
bigviktor,useprivate-process.xyz,Word-Based
bigviktor,makeemergency-knife.pictures,Word-Based
bigviktor,img.cuttoughmeasurement.realty,Word-Based
bigviktor,learnsecretconcept.observer,Word-Based
bigviktor,tryluckyspecial.pictures,Word-Based
bigviktor,becomeimmediateice.realty,Word-Based
bigviktor,speaknewrefuse.org,Word-Based
bigviktor,ftp.change-hungrytune.futbol,Word-Based
bigviktor,offer-topbrilliant.observer,Word-Based
bigviktor,set-plasticmake.club,Word-Based
bigviktor,buildtightchemistry.xyz,Word-Based
bigviktor,serveenoughrepair.pictures,Word-Based
bigviktor,give-even-term.nl,Word-Based
bigviktor,walkfinancialsatisfaction.info,Word-Based
bigviktor,tftp.knowseveraladdition.in,Word-Based
bigviktor,move-equivalent-put.art,Word-Based
bigviktor,findlongwindow.pictures,Word-Based
bigviktor,decidecivil-cycle.pictures,Word-Based
bigviktor,speakconnectlie.realty,Word-Based
bigviktor,gw.keeproundmarketing.fans,Word-Based
bigviktor,bbs.decide-inevitableconcert.rocks,Word-Based
bigviktor,saywidegoal.realty,Word-Based
bigviktor,th.expectmotor-concert.com,Word-Based
bigviktor,vpn.callunlikely-challenge.nl,Word-Based
bigviktor,askdressactor.top,Word-Based
bigviktor,hearconsciousowner.net,Word-Based
bigviktor,telltightdeath.realty,Word-Based
bigviktor,x.takerelative-radio.info,Word-Based
bigviktor,raise-neithergate.xyz,Word-Based
bigviktor,show-illairport.xyz,Word-Based
bigviktor,liveactualmanager.top,Word-Based
bigviktor,beginweakdesigner.info,Word-Based
bigviktor,buyflatwindow.observer,Word-Based
bigviktor,www.walkago-lesson.xyz,Word-Based
bigviktor,sit-weak-accident.tel,Word-Based
bigviktor,killweak-math.link,Word-Based
bigviktor,cam.believevaluablesilver.observer,Word-Based
bigviktor,followhuman-proposal.top,Word-Based
bigviktor,be-suchwin.xyz,Word-Based
bigviktor,leadnorthresolution.one,Word-Based
bigviktor,cam.fallmassivetruth.nl,Word-Based
bigviktor,decidefuncancer.net,Word-Based
bigviktor,writeoutsidepoint.xyz,Word-Based
bigviktor,standtraditionalproperty.one,Word-Based
bigviktor,talkwestelection.net,Word-Based
bigviktor,passroyallab.tel,Word-Based
bigviktor,walkbigknowledge.rocks,Word-Based
bigviktor,bringbeginningeffective.tel,Word-Based
bigviktor,movesouth-smell.one,Word-Based
bigviktor,findusualmess.pictures,Word-Based
bigviktor,open-worthreplacement.xyz,Word-Based
bigviktor,comedesperateconversation.fans,Word-Based
bigviktor,leavefirstcategory.one,Word-Based
bigviktor,happenpregnantmonitor.tel,Word-Based
bigviktor,showdry-depression.org,Word-Based
bigviktor,open-extreme-brick.pictures,Word-Based
bigviktor,dev.sayembarrassedinvestment.one,Word-Based
bigviktor,have-readyconcentrate.fans,Word-Based
bigviktor,cutdangerous-fault.xyz,Word-Based
bigviktor,knowprizetaste.org,Word-Based
bigviktor,readfrequent-boyfriend.pictures,Word-Based
bigviktor,winyoungmovie.top,Word-Based
bigviktor,changehonestbeginning.nl,Word-Based
bigviktor,stopclosestranger.org,Word-Based
bigviktor,sitmedical-mirror.pictures,Word-Based
bigviktor,require-drystock.pictures,Word-Based
bigviktor,servepublic-solid.observer,Word-Based
bigviktor,speakfastrace.com,Word-Based
bigviktor,admin.hear-budgetsong.nl,Word-Based
bigviktor,losetighthair.link,Word-Based
bigviktor,spendthis-wish.club,Word-Based
bigviktor,download.sayafraid-poem.observer,Word-Based
bigviktor,usemany-scale.xyz,Word-Based
bigviktor,serveformercourse.org,Word-Based
bigviktor,servenaturalground.art,Word-Based
bigviktor,wait-hot-drunk.art,Word-Based
bigviktor,lose-contentroad.com,Word-Based
bigviktor,think-final-winter.click,Word-Based
bigviktor,play-day-public.one,Word-Based
bigviktor,raiseresidentlock.com,Word-Based
bigviktor,considerfriendlyproblem.rocks,Word-Based
bigviktor,ssl.addpositive-advance.observer,Word-Based
bigviktor,ww1.workanimal-government.pictures,Word-Based
bigviktor,startluckyfocus.nl,Word-Based
bigviktor,allow-properside.pictures,Word-Based
bigviktor,ssl.requirebusyassistant.nl,Word-Based
bigviktor,lovegreatgirl.info,Word-Based
bigviktor,liveparticularship.one,Word-Based
bigviktor,buildfreshclassic.one,Word-Based
bigviktor,web.take-impressivenight.link,Word-Based
bigviktor,loseweirdmate.one,Word-Based
bigviktor,moveunhappy-temporary.rocks,Word-Based
bigviktor,givescaredeffective.xyz,Word-Based
bigviktor,test.requirelocalwrap.nl,Word-Based
bigviktor,needmainmodel.top,Word-Based
bigviktor,kill-dayhair.futbol,Word-Based
bigviktor,makebraveboyfriend.nl,Word-Based
bigviktor,seempretendboyfriend.observer,Word-Based
bigviktor,seeinitialparty.click,Word-Based
bigviktor,run-varioussad.click,Word-Based
bigviktor,useill-temperature.club,Word-Based
bigviktor,email.add-fairspirit.futbol,Word-Based
bigviktor,watchuglycontext.one,Word-Based
bigviktor,startagentchemical.click,Word-Based
bigviktor,spendshortissue.xyz,Word-Based
bigviktor,continuemoreriver.top,Word-Based
bigviktor,writesecret-anywhere.rocks,Word-Based
bigviktor,decide-activesuit.fans,Word-Based
bigviktor,usesmall-unique.com,Word-Based
bigviktor,playconsistentshoulder.futbol,Word-Based
bigviktor,fall-deadgroup.one,Word-Based
bigviktor,secure.turnfairtry.link,Word-Based
bigviktor,useotherwisealcohol.click,Word-Based
bigviktor,www2.worksouthsign.observer,Word-Based
bigviktor,img.beginleftamount.realty,Word-Based
bigviktor,vpn.letnumerouscoach.realty,Word-Based
bigviktor,becompletepattern.xyz,Word-Based
bigviktor,bbs.needglassdesk.one,Word-Based
bigviktor,email.allowoppositemaintenance.click,Word-Based
bigviktor,remain-efficienttemperature.com,Word-Based
bigviktor,runhungryjoint.net,Word-Based
bigviktor,speakweekly-box.club,Word-Based
bigviktor,pop.believeoriginalemployee.tel,Word-Based
bigviktor,vpn.usestilllet.link,Word-Based
bigviktor,writenice-spray.futbol,Word-Based
bigviktor,asksalt-relation.org,Word-Based
bigviktor,lookplentydust.pictures,Word-Based
bigviktor,changesilverdesigner.net,Word-Based
bigviktor,x.cutculturaldrive.net,Word-Based
bigviktor,dev.seemeitherorange.futbol,Word-Based
bigviktor,suggesteverypolice.link,Word-Based
bigviktor,reportphysical-brick.pictures,Word-Based
bigviktor,news.stayelectricalriver.art,Word-Based
bigviktor,createembarrassedchild.futbol,Word-Based
bigviktor,takeawareclerk.in,Word-Based
bigviktor,remainpositive-wear.net,Word-Based
bigviktor,getpleasant-party.rocks,Word-Based
bigviktor,stopsexual-creative.tel,Word-Based
bigviktor,keeppriorhomework.com,Word-Based
bigviktor,stay-remotepay.fans,Word-Based
bigviktor,like-swimminglevel.top,Word-Based
bigviktor,followdesperateplenty.club,Word-Based
bigviktor,seem-level-dirt.info,Word-Based
bigviktor,passdesignerpurpose.info,Word-Based
bigviktor,grow-plentytraining.art,Word-Based
bigviktor,appearinitialnight.com,Word-Based
bigviktor,vpn.spendsouthern-shake.net,Word-Based
bigviktor,requirebittermatch.fans,Word-Based
bigviktor,createlittle-highway.link,Word-Based
bigviktor,test.go-motortraining.com,Word-Based
bigviktor,knowfirsthalf.click,Word-Based
bigviktor,openvisualblind.rocks,Word-Based
bigviktor,understandknownpanic.observer,Word-Based
bigviktor,callthinwork.realty,Word-Based
bigviktor,let-homepressure.club,Word-Based
bigviktor,talkminor-work.observer,Word-Based
bigviktor,playsexualquarter.observer,Word-Based
bigviktor,rememberappropriateindication.in,Word-Based
bigviktor,support.turnsweetprofessor.link,Word-Based
bigviktor,playstrictquantity.pictures,Word-Based
bigviktor,winmalebase.futbol,Word-Based
bigviktor,die-leftpotato.info,Word-Based
bigviktor,dev.sitoutsideperformance.pictures,Word-Based
bigviktor,standsubstantial-improvement.art,Word-Based
bigviktor,sendkindjoint.com,Word-Based
bigviktor,give-leatherfinding.in,Word-Based
bigviktor,writeleadingcommand.nl,Word-Based
bigviktor,play-quiet-author.art,Word-Based
bigviktor,shop.sitslightrepresentative.tel,Word-Based
bigviktor,becomeusualheavy.link,Word-Based
bigviktor,bringentiresir.club,Word-Based
bigviktor,includeoverruin.net,Word-Based
bigviktor,feelpersonal-set.art,Word-Based
bigviktor,blog.livecrazynews.net,Word-Based
bigviktor,likeleftaspect.link,Word-Based
bigviktor,follow-differentstructure.top,Word-Based
bigviktor,learnlegalring.club,Word-Based
bigviktor,decidepartybuilding.club,Word-Based
bigviktor,payflatgod.club,Word-Based
bigviktor,keepusefulharm.rocks,Word-Based
bigviktor,comebudgettrainer.link,Word-Based
bigviktor,holdpartystrike.xyz,Word-Based
bigviktor,admin.dievaluablequarter.info,Word-Based
bigviktor,a.payfirm-function.fans,Word-Based
bigviktor,suggestsorryevidence.org,Word-Based
bigviktor,remote.pay-super-material.observer,Word-Based
bigviktor,makeallreality.link,Word-Based
bigviktor,beexpensivespot.net,Word-Based
bigviktor,pullsad-performance.pictures,Word-Based
bigviktor,mail2.speak-loud-church.pictures,Word-Based
bigviktor,speakshotpurple.art,Word-Based
bigviktor,appear-sufficientscale.click,Word-Based
bigviktor,showquietcarpet.realty,Word-Based
bigviktor,passliferecognition.fans,Word-Based
bigviktor,allowlevellaw.info,Word-Based
bigviktor,ask-illegalchampion.click,Word-Based
bigviktor,mail2.getlost-valuable.tel,Word-Based
bigviktor,cloud.speak-heavy-football.in,Word-Based
bigviktor,kill-historicalchampionship.one,Word-Based
bigviktor,happenwonderful-mind.com,Word-Based
bigviktor,belonely-term.club,Word-Based
bigviktor,dev.putlevel-condition.art,Word-Based
bigviktor,meankey-report.observer,Word-Based
bigviktor,lovelost-cash.pictures,Word-Based
bigviktor,usesignalquantity.top,Word-Based
bigviktor,stayyounghusband.top,Word-Based
bigviktor,leaveanxioussalary.org,Word-Based
bigviktor,change-priorgarbage.com,Word-Based
bigviktor,changesevere-candy.realty,Word-Based
bigviktor,playshortsite.club,Word-Based
bigviktor,followlowcase.org,Word-Based
bigviktor,news.liveautomaticescape.futbol,Word-Based
bigviktor,startheadcommission.com,Word-Based
bigviktor,mail2.writegrandpositive.info,Word-Based
bigviktor,walkwiseterm.fans,Word-Based
bigviktor,watchreasonabledisease.top,Word-Based
bigviktor,readofficialbrother.tel,Word-Based
bigviktor,believehistoricalchild.rocks,Word-Based
bigviktor,keepperiodfunny.top,Word-Based
bigviktor,seembeginningbit.futbol,Word-Based
bigviktor,fallhistoricalpresident.net,Word-Based
bigviktor,requirewesternclimate.pictures,Word-Based
bigviktor,passdifficultjunior.observer,Word-Based
bigviktor,ssl.addnearbysingle.one,Word-Based
bigviktor,continuesensitivebath.tel,Word-Based
bigviktor,takebighour.realty,Word-Based
bigviktor,video.paydry-form.realty,Word-Based
bigviktor,giveanimal-district.org,Word-Based
bigviktor,look-awayemployee.one,Word-Based
bigviktor,donormal-solution.realty,Word-Based
bigviktor,movedressdinner.com,Word-Based
bigviktor,ssl.followpotentialsky.observer,Word-Based
bigviktor,thinknative-computer.art,Word-Based
bigviktor,talkoldriver.tel,Word-Based
bigviktor,expectbusy-marketing.com,Word-Based
bigviktor,livevastdebate.club,Word-Based
bigviktor,stopinternationalfun.art,Word-Based
bigviktor,webmail.dieinsidenegotiation.nl,Word-Based
bigviktor,runfutureimagination.org,Word-Based
bigviktor,becomedeepbite.top,Word-Based
bigviktor,goincident-stress.link,Word-Based
bigviktor,pullnegativeclimate.click,Word-Based
bigviktor,bringconsciouscharity.fans,Word-Based
bigviktor,vpn.require-everykiss.xyz,Word-Based
bigviktor,holdwidedatabase.art,Word-Based
bigviktor,keep-flat-year.rocks,Word-Based
bigviktor,dostrictblank.observer,Word-Based
bigviktor,begin-consciousshake.link,Word-Based
bigviktor,webmail.workillfew.nl,Word-Based
bigviktor,setbudgetfocus.org,Word-Based
bigviktor,ftp.payperiodweb.nl,Word-Based
bigviktor,movecharacter-release.com,Word-Based
bigviktor,createtopcomment.org,Word-Based
bigviktor,saylifekitchen.club,Word-Based
bigviktor,losehugechest.nl,Word-Based
bigviktor,buylittlered.art,Word-Based
bigviktor,offertrainingphone.net,Word-Based
bigviktor,loveneat-pattern.org,Word-Based
bigviktor,tellclearcurve.futbol,Word-Based
bigviktor,mail2.writesevere-stick.club,Word-Based
bigviktor,learnfirmpaper.fans,Word-Based
bigviktor,sendwholehire.pictures,Word-Based
bigviktor,walkcorrect-screen.org,Word-Based
bigviktor,makefrontrip.link,Word-Based
bigviktor,wantformalbook.one,Word-Based
bigviktor,servecurrentefficiency.observer,Word-Based
bigviktor,seeaccording-skin.net,Word-Based
bigviktor,sayroutinecry.one,Word-Based
bigviktor,knowhardstudent.top,Word-Based
bigviktor,startbigindication.top,Word-Based
bigviktor,sendfresh-pitch.observer,Word-Based
bigviktor,remainfinancial-reference.in,Word-Based
bigviktor,becomethis-round.fans,Word-Based
bigviktor,helpfitsock.info,Word-Based
bigviktor,comebackgroundteacher.club,Word-Based
bigviktor,expectpregnant-initial.art,Word-Based
bigviktor,giveminimummath.com,Word-Based
bigviktor,think-desperate-stress.com,Word-Based
bigviktor,movecorrectemploy.art,Word-Based
bigviktor,useefficientgood.com,Word-Based
bigviktor,remembermaindifficulty.nl,Word-Based
bigviktor,providegladmark.pictures,Word-Based
bigviktor,believefirmdear.observer,Word-Based
bigviktor,trysignificantliterature.click,Word-Based
bigviktor,remainnumerouscarpet.top,Word-Based
bigviktor,beginstockdoubt.pictures,Word-Based
bigviktor,begin-negative-meat.art,Word-Based
bigviktor,happenanimalupper.tel,Word-Based
bigviktor,asksuremember.observer,Word-Based
bigviktor,speakpriormistake.club,Word-Based
bigviktor,comeyoungeconomics.nl,Word-Based
bigviktor,servegladactor.click,Word-Based
bigviktor,lose-alive-birth.rocks,Word-Based
bigviktor,appearfrontalternative.fans,Word-Based
bigviktor,bringupsetbar.fans,Word-Based
bigviktor,provideunitedpass.net,Word-Based
bigviktor,providepartyfun.xyz,Word-Based
bigviktor,requiresickmany.in,Word-Based
bigviktor,becomeremarkabletwist.observer,Word-Based
bigviktor,letstreet-event.club,Word-Based
bigviktor,spendsuitablecamp.xyz,Word-Based
bigviktor,bringcommercialrestaurant.info,Word-Based
bigviktor,allowstandardlip.org,Word-Based
bigviktor,askhighmaterial.in,Word-Based
bigviktor,stayalternativewill.club,Word-Based
bigviktor,ask-privatemember.one,Word-Based
bigviktor,alloweducationalmedia.xyz,Word-Based
bigviktor,holdexternalcharity.art,Word-Based
bigviktor,remainworklaw.xyz,Word-Based
bigviktor,askwestsecurity.art,Word-Based
bigviktor,meanconscious-impact.info,Word-Based
bigviktor,staysinglelibrary.xyz,Word-Based
bigviktor,help-secretmission.tel,Word-Based
bigviktor,expectcloseanybody.xyz,Word-Based
bigviktor,dev.liveeducationalschool.org,Word-Based
bigviktor,help-motherusual.tel,Word-Based
bigviktor,cutpublicmight.nl,Word-Based
bigviktor,likeduerice.com,Word-Based
bigviktor,ssl.move-friendlyblind.click,Word-Based
bigviktor,openjuniorpop.link,Word-Based
bigviktor,talk-minimumguest.in,Word-Based
bigviktor,opennewswitch.net,Word-Based
bigviktor,meet-softask.top,Word-Based
bigviktor,serve-legalbrick.futbol,Word-Based
bigviktor,offer-differenttext.in,Word-Based
bigviktor,useworkattack.realty,Word-Based
bigviktor,taketrainingcrew.one,Word-Based
bigviktor,let-dear-lock.one,Word-Based
bigviktor,speakdecentscrew.fans,Word-Based
bigviktor,leaveholidayequivalent.futbol,Word-Based
bigviktor,considerhonestopening.nl,Word-Based
bigviktor,test.help-entirelevel.one,Word-Based
bigviktor,usefatnight.club,Word-Based
bigviktor,taketoughbid.click,Word-Based
bigviktor,pulllastbother.fans,Word-Based
bigviktor,killequalfew.com,Word-Based
bigviktor,th.spendordinarylunch.com,Word-Based
bigviktor,seegrossvegetable.org,Word-Based
bigviktor,love-overallsolution.net,Word-Based
bigviktor,remote.bringbeginningsecretary.org,Word-Based
bigviktor,raiseeithercontact.realty,Word-Based
bigviktor,likecultural-metal.observer,Word-Based
bigviktor,helpwillingcount.tel,Word-Based
bigviktor,changetotallunch.tel,Word-Based
bigviktor,rememberexactsmile.org,Word-Based
bigviktor,web.seemvegetabledepartment.fans,Word-Based
bigviktor,haveaggressivechart.com,Word-Based
bigviktor,needunusualreply.link,Word-Based
bigviktor,m.appearotherwisenegative.top,Word-Based
bigviktor,workstupidbone.net,Word-Based
bigviktor,decidemalenotice.info,Word-Based
bigviktor,helpsameland.realty,Word-Based
bigviktor,putkindbet.observer,Word-Based
bigviktor,changeroutinedepression.click,Word-Based
bigviktor,pulldue-dress.one,Word-Based
bigviktor,meetworthchest.futbol,Word-Based
bigviktor,learnboth-catch.com,Word-Based
bigviktor,remembersufficientminor.observer,Word-Based
bigviktor,bbs.buysenioraward.art,Word-Based
bigviktor,webmail.holdfamousinsect.net,Word-Based
bigviktor,happenfreshlog.pictures,Word-Based
bigviktor,havesaltbus.art,Word-Based
bigviktor,workuniquenose.org,Word-Based
bigviktor,m.keepwhich-double.top,Word-Based
bigviktor,fallillmeaning.pictures,Word-Based
bigviktor,follow-eveninginternal.nl,Word-Based
bigviktor,callevery-tune.observer,Word-Based
bigviktor,playminorspeech.org,Word-Based
bigviktor,showproper-shower.com,Word-Based
bigviktor,web.playpowerfuldouble.realty,Word-Based
bigviktor,write-illscratch.org,Word-Based
bigviktor,passplanechallenge.in,Word-Based
bigviktor,diecrazyshift.info,Word-Based
bigviktor,givecompetitivenational.realty,Word-Based
bigviktor,understandbusydeparture.click,Word-Based
bigviktor,expectfront-voice.rocks,Word-Based
bigviktor,serveplasticpersonality.com,Word-Based
bigviktor,offer-differentchampionship.one,Word-Based
bigviktor,servefairtrust.in,Word-Based
bigviktor,likealivechance.fans,Word-Based
bigviktor,providedrunkchampion.fans,Word-Based
bigviktor,go-relative-application.art,Word-Based
bigviktor,paywidecook.net,Word-Based
bigviktor,decidebig-software.one,Word-Based
bigviktor,web.talkpowerfulvisit.org,Word-Based
bigviktor,web.killsquarekitchen.nl,Word-Based
bigviktor,kill-winterscore.link,Word-Based
bigviktor,cloud.killeither-alarm.pictures,Word-Based
bigviktor,come-seniordependent.top,Word-Based
bigviktor,spendtypicalbowl.link,Word-Based
bigviktor,needmotormarriage.net,Word-Based
bigviktor,watchdifferent-recording.pictures,Word-Based
bigviktor,a.remainclosemath.tel,Word-Based
bigviktor,cam.go-exactend.info,Word-Based
bigviktor,thinkdrunkshare.info,Word-Based
bigviktor,setsharpif.art,Word-Based
bigviktor,seem-consistentcycle.pictures,Word-Based
bigviktor,bring-jointproblem.one,Word-Based
bigviktor,trypotentialconcept.fans,Word-Based
bigviktor,leadinternationalmeeting.info,Word-Based
bigviktor,remote.liketinychurch.art,Word-Based
bigviktor,leavecrazytrouble.net,Word-Based
bigviktor,come-friendlyworker.observer,Word-Based
bigviktor,try-coolmark.info,Word-Based
bigviktor,appearglobal-lunch.realty,Word-Based
bigviktor,admin.walkwhitemoney.art,Word-Based
bigviktor,bring-internationalactor.futbol,Word-Based
bigviktor,doannualconclusion.pictures,Word-Based
bigviktor,server.know-leftbridge.tel,Word-Based
bigviktor,reportroughchange.click,Word-Based
bigviktor,walk-dramatic-attack.art,Word-Based
bigviktor,remembersmoothparticular.in,Word-Based
bigviktor,paysmoothdream.org,Word-Based
bigviktor,bepowerfullawyer.net,Word-Based
bigviktor,www2.seealone-mix.tel,Word-Based
bigviktor,holdculturaldate.realty,Word-Based
bigviktor,cut-lowerrip.org,Word-Based
bigviktor,dounablelocal.org,Word-Based
bigviktor,raisecurrentbath.link,Word-Based
bigviktor,servewesterndevil.pictures,Word-Based
bigviktor,ssl.talk-majoropinion.info,Word-Based
bigviktor,wantdead-line.click,Word-Based
bigviktor,askleatherimagination.rocks,Word-Based
bigviktor,comesimilarpay.click,Word-Based
bigviktor,leadrealisticfire.info,Word-Based
bigviktor,turndesignerrush.click,Word-Based
bigviktor,turnfrequentslice.fans,Word-Based
bigviktor,createthinpenalty.tel,Word-Based
bigviktor,addclassicbug.com,Word-Based
bigviktor,winofficial-car.futbol,Word-Based
bigviktor,raiseuniqueinteraction.fans,Word-Based
bigviktor,keep-close-border.futbol,Word-Based
bigviktor,walk-severalcapital.in,Word-Based
bigviktor,showpoliticalregister.fans,Word-Based
bigviktor,seemperioddot.xyz,Word-Based
bigviktor,sitofficial-collection.click,Word-Based
bigviktor,telluppertheme.fans,Word-Based
bigviktor,allowplaneplane.realty,Word-Based
bigviktor,allowdistinctoutcome.link,Word-Based
bigviktor,waitfeelingpresident.in,Word-Based
bigviktor,becomecommercialparent.fans,Word-Based
bigviktor,win-effectivesurgery.realty,Word-Based
bigviktor,createsafeexamination.com,Word-Based
bigviktor,stayloud-vacation.net,Word-Based
bigviktor,require-actual-golf.click,Word-Based
bigviktor,considersmall-substance.club,Word-Based
bigviktor,buildcapitallake.xyz,Word-Based
bigviktor,cloud.staysecretstrip.top,Word-Based
bigviktor,startlooseexchange.one,Word-Based
bigviktor,webmail.believemosttea.club,Word-Based
bigviktor,expectformalposition.com,Word-Based
bigviktor,callpoorsky.org,Word-Based
bigviktor,buychemicaltone.observer,Word-Based
bigviktor,work-angrypurpose.link,Word-Based
bigviktor,pop.remainfirstclassroom.futbol,Word-Based
bigviktor,vpn.sendextremelist.fans,Word-Based
bigviktor,raise-grossweekend.observer,Word-Based
bigviktor,shop.begin-reasonable-class.in,Word-Based
bigviktor,give-anxiousticket.rocks,Word-Based
bigviktor,usesmartcombine.futbol,Word-Based
bigviktor,runstraight-issue.link,Word-Based
bigviktor,knowstrong-round.info,Word-Based
bigviktor,become-thinktone.net,Word-Based
bigviktor,tryappropriateequal.tel,Word-Based
bigviktor,gw.stop-similar-base.com,Word-Based
bigviktor,getsexualgolf.xyz,Word-Based
bigviktor,admin.seefar-weird.nl,Word-Based
bigviktor,news.remain-dressprinciple.pictures,Word-Based
bigviktor,includehouseattack.pictures,Word-Based
bigviktor,diereadyqueen.info,Word-Based
bigviktor,pullstillentry.xyz,Word-Based
bigviktor,appear-plentyusual.org,Word-Based
bigviktor,think-flatunion.net,Word-Based
bigviktor,expectalive-mail.tel,Word-Based
bigviktor,have-lowstorage.nl,Word-Based
bigviktor,love-greatbody.link,Word-Based
bigviktor,continueredchance.futbol,Word-Based
bigviktor,show-easy-technology.in,Word-Based
bigviktor,leavedependent-actor.com,Word-Based
bigviktor,meanhardpositive.net,Word-Based
bigviktor,web.findhealthygirl.org,Word-Based
bigviktor,moveeffectivestore.info,Word-Based
bigviktor,ftp.showwilling-report.xyz,Word-Based
bigviktor,news.pull-prize-payment.realty,Word-Based
bigviktor,noc.hear-appropriateman.rocks,Word-Based
bigviktor,continue-allgreat.net,Word-Based
bigviktor,buysquareprinciple.rocks,Word-Based
bigviktor,server.stopthinpublic.tel,Word-Based
bigviktor,stay-officialmixture.info,Word-Based
bigviktor,standdistincthearing.xyz,Word-Based
bigviktor,dointelligent-damage.club,Word-Based
bigviktor,ssl.offerafterchemistry.org,Word-Based
bigviktor,win-temporaryuser.info,Word-Based
bigviktor,sell-particulartopic.click,Word-Based
bigviktor,believeneitherhang.pictures,Word-Based
bigviktor,beginspecialpsychology.com,Word-Based
bigviktor,letlonggrocery.art,Word-Based
bigviktor,remain-suitableadvantage.fans,Word-Based
bigviktor,sellcarefulbill.info,Word-Based
bigviktor,webmail.takecorner-reply.xyz,Word-Based
bigviktor,gw.walk-guiltymilk.click,Word-Based
bigviktor,makebigdevil.in,Word-Based
bigviktor,suggestmoredue.link,Word-Based
bigviktor,helpafraidlock.info,Word-Based
bigviktor,have-thickdistribution.link,Word-Based
bigviktor,givemobilecap.futbol,Word-Based
bigviktor,email.make-illegalpayment.info,Word-Based
bigviktor,helpfriendlybrother.org,Word-Based
bigviktor,spend-totaluser.link,Word-Based
bigviktor,cam.moveordinarybone.com,Word-Based
bigviktor,saymostpriest.rocks,Word-Based
bigviktor,raise-lostannual.tel,Word-Based
bigviktor,getbrightraw.com,Word-Based
bigviktor,trycreativeimpact.futbol,Word-Based
bigviktor,paylegalmajor.art,Word-Based
bigviktor,take-desperate-valuable.club,Word-Based
bigviktor,playcurrentproduct.net,Word-Based
bigviktor,cam.havecalmreveal.top,Word-Based
bigviktor,die-effective-history.futbol,Word-Based
bigviktor,callelectricalanxiety.tel,Word-Based
bigviktor,showsuperwestern.one,Word-Based
bigviktor,meetenvironmental-plate.rocks,Word-Based
bigviktor,change-characterlunch.nl,Word-Based
bigviktor,selllonelycourt.realty,Word-Based
bigviktor,feelroutine-lock.in,Word-Based
bigviktor,tellgrandbrain.observer,Word-Based
bigviktor,learnchemical-recover.net,Word-Based
bigviktor,turnotherscale.net,Word-Based
bigviktor,movecomfortablepain.link,Word-Based
bigviktor,comeslightrepeat.one,Word-Based
bigviktor,tryhisinspection.org,Word-Based
bigviktor,walkeveningsteak.info,Word-Based
bigviktor,mail2.workgoldchild.xyz,Word-Based
bigviktor,show-difficulttonight.link,Word-Based
bigviktor,mail2.move-sweetstill.in,Word-Based
bigviktor,readaccuratebonus.pictures,Word-Based
bigviktor,stayyoung-rice.info,Word-Based
bigviktor,pop.beginable-capital.one,Word-Based
bigviktor,shop.buyadult-note.top,Word-Based
bigviktor,suggesthistoricalhope.org,Word-Based
bigviktor,sitillegal-drawing.one,Word-Based
bigviktor,passmaterialgrandfather.futbol,Word-Based
bigviktor,walkstrongrise.art,Word-Based
bigviktor,liveexcellentlaw.top,Word-Based
bigviktor,winrawcousin.net,Word-Based
bigviktor,havekey-calendar.nl,Word-Based
bigviktor,remote.believewilling-grand.click,Word-Based
bigviktor,web.turnlonelybat.top,Word-Based
bigviktor,killconsistentpurpose.observer,Word-Based
bigviktor,growdifficultfruit.link,Word-Based
bigviktor,mean-leasthabit.nl,Word-Based
bigviktor,x.makeobviousbrilliant.club,Word-Based
bigviktor,workactualcondition.nl,Word-Based
bigviktor,tftp.sellcompletepreparation.link,Word-Based
bigviktor,movetinybrown.nl,Word-Based
bigviktor,offerrealisticsugar.observer,Word-Based
bigviktor,starteducationalissue.in,Word-Based
bigviktor,web.lookheavyknife.com,Word-Based
bigviktor,adddeadstroke.com,Word-Based
bigviktor,happenaloneblock.pictures,Word-Based
bigviktor,buildupsetdrink.xyz,Word-Based
bigviktor,seemgrandadvertising.click,Word-Based
bigviktor,dev.talkfreshbid.link,Word-Based
bigviktor,makeeveningphone.link,Word-Based
bigviktor,watchexciting-net.observer,Word-Based
bigviktor,ask-busytalk.club,Word-Based
bigviktor,createmainrange.realty,Word-Based
bigviktor,followcommercialindependence.info,Word-Based
bigviktor,meetawaymember.org,Word-Based
bigviktor,report-quiet-ground.org,Word-Based
bigviktor,leadpopularperspective.link,Word-Based
bigviktor,noc.domoneysleep.com,Word-Based
bigviktor,setcoollife.rocks,Word-Based
bigviktor,loserepresentativestable.top,Word-Based
bigviktor,believehonestsugar.link,Word-Based
bigviktor,have-greenshelter.com,Word-Based
bigviktor,call-parkingenthusiasm.pictures,Word-Based
bigviktor,sitfar-anybody.com,Word-Based
bigviktor,suggestdaughter-necessary.org,Word-Based
bigviktor,requirewoodenair.nl,Word-Based
bigviktor,rememberagonecessary.rocks,Word-Based
bigviktor,startpretend-housing.in,Word-Based
bigviktor,th.beginfunnylayer.nl,Word-Based
bigviktor,rememberleastsmile.club,Word-Based
bigviktor,believe-careful-introduction.org,Word-Based
bigviktor,helpsubjectpiano.rocks,Word-Based
bigviktor,pullprofessionalschool.info,Word-Based
bigviktor,meetgross-gift.top,Word-Based
bigviktor,suggestpleasantreaction.in,Word-Based
bigviktor,ssl.sellpersonalparent.net,Word-Based
bigviktor,pop.takedeadcar.info,Word-Based
bigviktor,stopfamouspossible.top,Word-Based
bigviktor,decideplanehook.in,Word-Based
bigviktor,donexthair.tel,Word-Based
bigviktor,getfinancialnatural.observer,Word-Based
bigviktor,holdbroadcomplaint.link,Word-Based
bigviktor,admin.haveunlikelyattempt.link,Word-Based
bigviktor,payboringworker.futbol,Word-Based
bigviktor,growafterrate.in,Word-Based
bigviktor,dieoverallbreast.observer,Word-Based
bigviktor,pop.wait-roundmention.in,Word-Based
bigviktor,comeoriginalheavy.art,Word-Based
bigviktor,writegreatshopping.net,Word-Based
bigviktor,seemparkingindustry.top,Word-Based
bigviktor,requireboth-efficiency.club,Word-Based
bigviktor,givecommonleather.one,Word-Based
bigviktor,comeavailableinjury.com,Word-Based
bigviktor,rememberfrequentsafety.rocks,Word-Based
bigviktor,love-amazing-bottom.in,Word-Based
bigviktor,leadchoiceunit.realty,Word-Based
bigviktor,comecompletego.nl,Word-Based
bigviktor,shownormaladvance.pictures,Word-Based
bigviktor,hearextreme-royal.tel,Word-Based
bigviktor,beterribleraise.click,Word-Based
bigviktor,beimportantappearance.pictures,Word-Based
bigviktor,siteffective-relationship.link,Word-Based
bigviktor,ssl.runfutureflower.org,Word-Based
bigviktor,reportdangerous-drawer.one,Word-Based
bigviktor,providemountain-sweet.fans,Word-Based
bigviktor,writedowntown-ad.fans,Word-Based
bigviktor,talkpsychologicalrich.net,Word-Based
bigviktor,startsignificantstorm.nl,Word-Based
bigviktor,ssl.offerlonglanguage.tel,Word-Based
bigviktor,standupperdocument.observer,Word-Based
bigviktor,godark-father.observer,Word-Based
bigviktor,havegame-literature.fans,Word-Based
bigviktor,raiseminimumoutcome.realty,Word-Based
bigviktor,hearglobalcar.club,Word-Based
bigviktor,webmail.walkalivelocal.observer,Word-Based
bigviktor,shop.talkexpert-bathroom.tel,Word-Based
bigviktor,x.allowthenpatient.rocks,Word-Based
bigviktor,liveanxiouswind.realty,Word-Based
bigviktor,gw.fallthismachine.info,Word-Based
bigviktor,keepgreenindustry.xyz,Word-Based
bigviktor,takedesignerrip.one,Word-Based
bigviktor,passculturalsandwich.nl,Word-Based
bigviktor,feelfamiliarsafety.rocks,Word-Based
bigviktor,www2.happenwidestroke.com,Word-Based
bigviktor,www1.beprizesalad.xyz,Word-Based
bigviktor,put-politicalask.nl,Word-Based
bigviktor,server.findillstroke.club,Word-Based
bigviktor,getfuturemeaning.click,Word-Based
bigviktor,worksmartsurround.one,Word-Based
bigviktor,considerinitialselection.info,Word-Based
bigviktor,selldramaticconfidence.tel,Word-Based
bigviktor,sendproper-system.org,Word-Based
bigviktor,report-working-cable.link,Word-Based
bigviktor,readswimming-estimate.futbol,Word-Based
bigviktor,beginwillingresponse.realty,Word-Based
bigviktor,reportpastsubject.tel,Word-Based
bigviktor,beginfreshcrash.top,Word-Based
bigviktor,admin.sellcoldchange.info,Word-Based
bigviktor,remote.becomeinternalcancel.org,Word-Based
bigviktor,help-extensionjoint.realty,Word-Based
bigviktor,dev.allowglass-water.com,Word-Based
bigviktor,pullhappyyou.click,Word-Based
bigviktor,th.playnormalvoice.futbol,Word-Based
bigviktor,admin.leaveacceptablerock.link,Word-Based
bigviktor,saysillyblank.info,Word-Based
bigviktor,workotherwisemoment.top,Word-Based
bigviktor,speakmadassignment.nl,Word-Based
bigviktor,support.likesillycrack.art,Word-Based
bigviktor,hearregularquiet.xyz,Word-Based
bigviktor,download.findweakestimate.in,Word-Based
bigviktor,buyformertension.one,Word-Based
bigviktor,www1.decidecutecandidate.link,Word-Based
bigviktor,decidedowntownspecific.rocks,Word-Based
bigviktor,sendextradoubt.one,Word-Based
bigviktor,providebraveteam.rocks,Word-Based
bigviktor,noc.startanothermath.click,Word-Based
bigviktor,providemasterrace.tel,Word-Based
bigviktor,try-perfectforce.info,Word-Based
bigviktor,email.likefatmedicine.link,Word-Based
bigviktor,givemedicalleadership.one,Word-Based
bigviktor,fallemergencyspecial.futbol,Word-Based
bigviktor,vpn.providemountainplant.org,Word-Based
bigviktor,makedangerouslayer.club,Word-Based
bigviktor,img.meanwisecampaign.nl,Word-Based
bigviktor,know-just-depth.top,Word-Based
bigviktor,playprofessionalindependent.realty,Word-Based
bigviktor,email.stopillgarage.tel,Word-Based
bigviktor,remember-healthyease.top,Word-Based
bigviktor,stayinterestingtap.rocks,Word-Based
bigviktor,understandstrangeshoot.nl,Word-Based
bigviktor,putmostunit.tel,Word-Based
bigviktor,sayoldball.rocks,Word-Based
bigviktor,keepillresearch.xyz,Word-Based
bigviktor,die-bigstretch.art,Word-Based
bigviktor,growlogicalmortgage.com,Word-Based
bigviktor,takepersonalkill.realty,Word-Based
bigviktor,spendkindairport.observer,Word-Based
bigviktor,talkpresent-transition.link,Word-Based
bigviktor,watchcareful-stuff.org,Word-Based
bigviktor,ftp.includemediumcontract.xyz,Word-Based
bigviktor,helpspiritual-week.tel,Word-Based
bigviktor,expectindividualeat.fans,Word-Based
bigviktor,play-economysinger.com,Word-Based
bigviktor,helpeastview.nl,Word-Based
bigviktor,sayfew-independent.click,Word-Based
bigviktor,donext-bowl.fans,Word-Based
bigviktor,bbs.standafternoonpause.art,Word-Based
bigviktor,lookembarrasseddecision.top,Word-Based
bigviktor,bbs.helpstillsenior.club,Word-Based
bigviktor,learn-unitedparent.info,Word-Based
bigviktor,appearsweet-shoe.observer,Word-Based
bigviktor,becomenorthstruggle.club,Word-Based
bigviktor,rememberpregnantreading.one,Word-Based
bigviktor,open-worth-mission.click,Word-Based
bigviktor,tell-saltmom.tel,Word-Based
bigviktor,dieintelligentcharity.fans,Word-Based
bigviktor,server.wintruenews.club,Word-Based
bigviktor,spend-active-clothes.futbol,Word-Based
bigviktor,loveluckyshower.in,Word-Based
bigviktor,considersame-deposit.net,Word-Based
bigviktor,use-loudcalm.top,Word-Based
bigviktor,likesouthdelivery.fans,Word-Based
bigviktor,make-valuablespring.one,Word-Based
bigviktor,servebiga.top,Word-Based
bigviktor,bringmoneywest.net,Word-Based
bigviktor,openmorestandard.top,Word-Based
bigviktor,leadopen-courage.com,Word-Based
bigviktor,seem-financialsecurity.fans,Word-Based
bigviktor,bringmountainsecretary.pictures,Word-Based
bigviktor,fallfairinstance.art,Word-Based
bigviktor,losecommercialshape.pictures,Word-Based
bigviktor,killago-function.fans,Word-Based
bigviktor,writeotherwiselunch.art,Word-Based
bigviktor,gw.runpoliticalwhole.pictures,Word-Based
bigviktor,learngladraise.club,Word-Based
bigviktor,staywastezone.nl,Word-Based
bigviktor,buyactiveyou.nl,Word-Based
bigviktor,sendtraditionalcommand.observer,Word-Based
bigviktor,requireeffectivestuff.realty,Word-Based
bigviktor,ssl.callwinechampion.tel,Word-Based
bigviktor,test.lovesuperemergency.club,Word-Based
bigviktor,say-liveskirt.xyz,Word-Based
bigviktor,requiredependent-schedule.link,Word-Based
bigviktor,play-possible-soup.org,Word-Based
bigviktor,staypleasantsister.net,Word-Based
bigviktor,buycleanpoetry.click,Word-Based
bigviktor,turndangerousneat.club,Word-Based
bigviktor,growsuddennecessary.observer,Word-Based
bigviktor,report-moneystudy.club,Word-Based
bigviktor,remember-chickenminimum.in,Word-Based
bigviktor,vpn.believeholidayrecognition.link,Word-Based
bigviktor,begin-intelligentconnection.fans,Word-Based
bigviktor,leadpositive-principle.one,Word-Based
bigviktor,comeflatpool.tel,Word-Based
bigviktor,learnnextrock.observer,Word-Based
bigviktor,helpcomprehensivetown.info,Word-Based
bigviktor,servesuddencollection.observer,Word-Based
bigviktor,believe-massiveshoe.xyz,Word-Based
bigviktor,helphissignificance.org,Word-Based
bigviktor,saylivelist.realty,Word-Based
bigviktor,rememberthinkmortgage.com,Word-Based
bigviktor,becomeillegalstate.nl,Word-Based
bigviktor,servewine-reply.tel,Word-Based
bigviktor,ssl.show-betteragreement.one,Word-Based
bigviktor,show-immediatebitter.top,Word-Based
bigviktor,movepositive-steal.net,Word-Based
bigviktor,www1.callbeautifulbuilding.futbol,Word-Based
bigviktor,changerichprofessor.xyz,Word-Based
bigviktor,playmuchcourage.rocks,Word-Based
bigviktor,ssl.meanmost-peace.link,Word-Based
bigviktor,come-historicalfootball.net,Word-Based
bigviktor,growpregnantdistrict.club,Word-Based
bigviktor,sendalive-period.info,Word-Based
bigviktor,openanxious-frame.net,Word-Based
bigviktor,beginculturaldue.club,Word-Based
bigviktor,winhappyordinary.in,Word-Based
bigviktor,situnitedfemale.rocks,Word-Based
bigviktor,leavesamequality.net,Word-Based
bigviktor,makealonedepression.top,Word-Based
bigviktor,sayexactmistake.tel,Word-Based
bigviktor,killdeep-jacket.in,Word-Based
bigviktor,th.begintechnicaltime.club,Word-Based
bigviktor,readcorrectmanagement.pictures,Word-Based
bigviktor,rememberimportantcommittee.realty,Word-Based
bigviktor,liveprivate-guy.observer,Word-Based
bigviktor,becomeprizepot.org,Word-Based
bigviktor,findlostsecond.nl,Word-Based
bigviktor,getspare-combination.com,Word-Based
bigviktor,gw.needlowblue.realty,Word-Based
bigviktor,buylivepaint.org,Word-Based
bigviktor,saymiddlecrash.xyz,Word-Based
bigviktor,buystricthold.fans,Word-Based
bigviktor,webmail.look-afraid-dance.in,Word-Based
bigviktor,staylost-hospital.futbol,Word-Based
bigviktor,webmail.leavemoney-kick.futbol,Word-Based
bigviktor,leaveautomatic-wedding.net,Word-Based
bigviktor,pullobviousweb.realty,Word-Based
bigviktor,killsolidregular.link,Word-Based
bigviktor,getdecenthell.realty,Word-Based
bigviktor,putgrosspresentation.link,Word-Based
bigviktor,take-small-dig.realty,Word-Based
bigviktor,paymaximumdirection.click,Word-Based
bigviktor,thinkquietstable.org,Word-Based
bigviktor,setround-disease.top,Word-Based
bigviktor,a.writerareoption.org,Word-Based
bigviktor,cut-past-transition.nl,Word-Based
bigviktor,www.startfastfigure.one,Word-Based
bigviktor,fallspecialemployee.in,Word-Based
bigviktor,ns1.pullincidentplastic.fans,Word-Based
bigviktor,let-naturaldisease.link,Word-Based
bigviktor,addtinyclock.fans,Word-Based
bigviktor,makeelectroniccode.top,Word-Based
bigviktor,hear-decentweird.in,Word-Based
bigviktor,saysubjectfoot.info,Word-Based
bigviktor,support.like-oldhomework.xyz,Word-Based
bigviktor,vpn.continuetechnicalscheme.info,Word-Based
bigviktor,staywoodenoutcome.click,Word-Based
bigviktor,raisebig-western.in,Word-Based
bigviktor,wantugly-shake.fans,Word-Based
bigviktor,opencoldwestern.club,Word-Based
bigviktor,allowtruerepair.club,Word-Based
bigviktor,workoverdebt.net,Word-Based
bigviktor,includedesperate-girlfriend.club,Word-Based
bigviktor,beginfunnykill.pictures,Word-Based
bigviktor,keepmountainmedicine.info,Word-Based
bigviktor,images.write-routinehall.pictures,Word-Based
bigviktor,lookthiswhereas.net,Word-Based
bigviktor,ssl.givenaturalrecover.fans,Word-Based
bigviktor,die-eastrefuse.observer,Word-Based
bigviktor,keep-good-apartment.xyz,Word-Based
bigviktor,knowdirectzone.nl,Word-Based
bigviktor,love-effectivesubstance.futbol,Word-Based
bigviktor,happenmajor-attack.fans,Word-Based
bigviktor,requireseveralwine.info,Word-Based
bigviktor,settight-football.pictures,Word-Based
bigviktor,download.openinterestingnetwork.top,Word-Based
bigviktor,seemweeklycigarette.com,Word-Based
bigviktor,useentireindication.xyz,Word-Based
bigviktor,leadmedical-quantity.top,Word-Based
bigviktor,understandweeklyletter.fans,Word-Based
bigviktor,paykindheight.realty,Word-Based
bigviktor,ssl.tellpoorapartment.art,Word-Based
bigviktor,becomebackgroundsea.art,Word-Based
bigviktor,video.stayaccurateresponse.observer,Word-Based
bigviktor,killpolitical-promise.realty,Word-Based
bigviktor,call-whitetravel.top,Word-Based
bigviktor,expectelectricalregular.org,Word-Based
bigviktor,opencalmdistance.observer,Word-Based
bigviktor,stop-emptyart.org,Word-Based
bigviktor,hearfederaluncle.tel,Word-Based
bigviktor,considerextreme-level.link,Word-Based
bigviktor,tryairlinekind.org,Word-Based
bigviktor,start-partycampaign.in,Word-Based
bigviktor,fall-hisswitch.observer,Word-Based
bigviktor,showworkingambition.in,Word-Based
bigviktor,letsecurestomach.net,Word-Based
bigviktor,ns1.keepparkingdoctor.nl,Word-Based
bigviktor,pullfast-hide.realty,Word-Based
bigviktor,ssl.addlevelrecord.in,Word-Based
bigviktor,understandchoicefront.fans,Word-Based
bigviktor,server.killcontentexternal.click,Word-Based
bigviktor,takeactualadvertising.one,Word-Based
bigviktor,meantotaltomorrow.org,Word-Based
bigviktor,lovebigrecipe.click,Word-Based
bigviktor,add-regulargeneral.one,Word-Based
bigviktor,come-otherwise-discount.click,Word-Based
bigviktor,requireexcitingwar.top,Word-Based
bigviktor,dev.buyenoughrain.net,Word-Based
bigviktor,hearkitchentouch.org,Word-Based
bigviktor,turnsmall-blood.top,Word-Based
bigviktor,feelsudden-satisfaction.club,Word-Based
bigviktor,happendistinctessay.rocks,Word-Based
bigviktor,happenprize-confusion.org,Word-Based
bigviktor,give-entireyellow.fans,Word-Based
bigviktor,offerlittlereason.click,Word-Based
bigviktor,workmotorfile.xyz,Word-Based
bigviktor,buyclassicmonth.rocks,Word-Based
bigviktor,gw.believe-privatekick.fans,Word-Based
bigviktor,passvarious-expression.in,Word-Based
bigviktor,givepersonalinflation.com,Word-Based
bigviktor,playpleasantcoast.top,Word-Based
bigviktor,tellcleareditor.top,Word-Based
bigviktor,considermore-food.nl,Word-Based
bigviktor,write-contentsection.fans,Word-Based
bigviktor,passstandardgrand.fans,Word-Based
bigviktor,thinkrelevantessay.nl,Word-Based
bigviktor,create-middlewash.net,Word-Based
bigviktor,sit-hotcollar.click,Word-Based
bigviktor,appearclassicuser.xyz,Word-Based
bigviktor,th.stopwarmnote.art,Word-Based
bigviktor,vpn.doluckybottle.org,Word-Based
bigviktor,staydaybasis.org,Word-Based
bigviktor,raisesignificantruin.top,Word-Based
bigviktor,offersparepermit.net,Word-Based
bigviktor,m.sendwoodenclerk.link,Word-Based
bigviktor,loveillteaching.top,Word-Based
bigviktor,gounique-strength.one,Word-Based
bigviktor,speakdresschip.club,Word-Based
bigviktor,passcurrentconcept.tel,Word-Based
bigviktor,meanprizewake.com,Word-Based
bigviktor,webmail.stopsensitiveshock.rocks,Word-Based
bigviktor,continuetinytoe.one,Word-Based
bigviktor,webmail.readgreatact.observer,Word-Based
bigviktor,worklivingwood.observer,Word-Based
bigviktor,img.keep-lowknife.info,Word-Based
bigviktor,watchemotional-rest.fans,Word-Based
bigviktor,webmail.create-negative-suspect.futbol,Word-Based
bigviktor,ask-usedmortgage.club,Word-Based
bigviktor,addsmartlack.xyz,Word-Based
bigviktor,sayuniquepush.com,Word-Based
bigviktor,holdvisiblerice.com,Word-Based
bigviktor,getenoughlength.click,Word-Based
bigviktor,decidewinereference.com,Word-Based
bigviktor,killhome-name.nl,Word-Based
bigviktor,allowindependentmaterial.in,Word-Based
bigviktor,help-lifeselection.info,Word-Based
bigviktor,changehonestchip.xyz,Word-Based
bigviktor,spendthinconnection.tel,Word-Based
bigviktor,gobudgetdirector.club,Word-Based
bigviktor,download.appear-time-spot.in,Word-Based
bigviktor,beginsimilarpenalty.click,Word-Based
bigviktor,a.buy-woodeninsect.org,Word-Based
bigviktor,feelafter-girlfriend.futbol,Word-Based
bigviktor,dofinecall.rocks,Word-Based
bigviktor,expect-funengine.click,Word-Based
bigviktor,makebornadvice.futbol,Word-Based
bigviktor,hearnegativefun.futbol,Word-Based
bigviktor,continuewestphilosophy.click,Word-Based
bigviktor,pop.tell-difficultreserve.org,Word-Based
bigviktor,createrecentoffer.rocks,Word-Based
bigviktor,ssl.help-varioussock.club,Word-Based
bigviktor,turnclearstop.net,Word-Based
bigviktor,www1.winwinemovie.observer,Word-Based
bigviktor,startscared-western.observer,Word-Based
bigviktor,readroughrepeat.club,Word-Based
bigviktor,reachbestnewspaper.realty,Word-Based
bigviktor,holdamazingbake.info,Word-Based
bigviktor,ww1.become-westernoption.one,Word-Based
bigviktor,remote.appear-hisladder.club,Word-Based
bigviktor,expectrelevantstomach.com,Word-Based
bigviktor,have-missionshop.futbol,Word-Based
bigviktor,reporteachspite.fans,Word-Based
bigviktor,falllogicalfeeling.click,Word-Based
bigviktor,showimmediateofficer.link,Word-Based
bigviktor,reademotionalmedia.xyz,Word-Based
bigviktor,bringmotorbed.click,Word-Based
bigviktor,killovergain.info,Word-Based
bigviktor,pull-dirtypartner.futbol,Word-Based
bigviktor,ns1.remaincriticalintroduction.one,Word-Based
